user_id,vehicle_id
1,1
2,2
3,3
4,4
5,5
6,6
7,7
8,8
9,9
10,10
12,12
13,13
15,15
17,17
18,18
19,19
21,21
22,22
23,23
24,24
25,24
26,25
27,26
28,26
29,27
30,28
31,29
32,30
33,31
34,31
35,32
36,33
37,34
40,37
41,38
42,39
43,40
44,41
45,42
46,42
47,43
48,44
49,45
50,46
51,47
52,47
53,48
54,48
55,49
56,50
57,51
58,52
60,54
61,55
62,56
63,57
64,58
65,59
66,60
68,62
69,63
70,64
71,65
72,66
73,67
74,68
75,69
76,70
77,71
78,72
79,73
80,74
81,75
82,76
83,77
84,78
85,79
86,80
87,81
88,81
89,82
91,84
92,85
93,86
94,87
96,89
97,90
98,91
99,92
100,93
102,95
103,96
104,97
105,98
106,98
107,99
108,99
109,100
110,101
112,103
114,105
115,106
116,107
117,108
118,109
119,110
120,110
121,111
122,112
124,114
125,115
126,116
127,117
128,118
129,119
132,122
133,122
134,123
136,125
137,126
139,128
140,129
141,130
142,131
143,132
144,133
145,134
146,135
147,136
148,136
149,137
150,138
152,140
153,141
154,142
155,143
156,144
157,145
158,146
159,147
160,148
161,149
162,149
163,150
164,151
165,152
166,153
169,155
170,156
172,158
173,159
174,160
175,161
176,162
177,163
178,164
180,166
181,166
182,167
183,168
184,169
185,170
186,171
187,172
188,173
189,174
191,176
192,177
193,178
194,179
195,180
196,181
197,182
198,183
199,184
200,185
201,186
202,187
203,188
204,189
205,190
206,191
207,192
208,193
209,194
210,195
211,196
212,196
213,197
214,197
215,198
216,199
217,200
218,201
219,202
220,203
222,205
223,206
225,208
226,208
227,209
228,210
229,211
230,212
231,213
232,214
233,215
234,216
235,217
236,218
237,219
238,220
241,223
242,224
243,225
244,226
245,227
247,229
248,230
249,231
251,233
254,236
255,237
256,238
257,239
258,240
259,241
260,242
261,243
262,244
263,245
264,246
265,246
266,246
267,246
268,247
269,248
270,249
271,250
272,251
273,252
274,253
276,255
277,255
278,256
279,257
280,258
281,259
282,260
283,261
286,264
287,265
289,267
290,267
291,268
292,269
293,270
294,271
295,272
296,273
297,274
298,275
299,276
300,277
301,278
303,280
304,281
305,282
306,283
307,284
308,285
309,286
310,287
312,289
313,290
314,291
315,292
316,293
317,294
319,296
322,299
323,299
324,300
325,301
326,302
327,303
329,305
330,306
331,306
332,307
333,308
334,309
337,312
339,314
340,315
341,316
342,317
343,318
344,319
345,320
346,321
347,322
348,323
349,324
351,326
354,329
355,329
356,330
357,331
359,333
360,334
361,335
362,335
363,336
364,337
365,338
366,339
367,340
368,341
369,342
371,344
372,345
373,346
374,346
375,346
376,347
377,348
378,349
379,350
380,351
383,354
384,355
385,356
386,357
388,359
390,361
391,362
392,363
393,364
394,365
396,367
397,368
398,369
400,371
401,372
402,373
403,373
404,374
405,374
406,375
407,376
408,377
410,379
411,380
413,382
414,383
415,384
418,387
419,388
420,389
421,389
422,390
423,390
425,392
426,393
427,394
428,394
429,395
430,396
431,397
432,397
433,398
434,399
435,400
436,401
437,402
438,403
439,404
441,406
442,407
443,408
444,408
445,408
446,409
447,410
448,410
449,411
450,412
451,413
452,414
453,415
454,416
455,417
456,418
457,419
458,420
459,420
460,421
461,422
462,423
463,424
464,425
465,426
466,427
467,428
468,429
469,430
471,432
472,433
473,434
474,435
476,437
477,438
478,439
479,440
480,441
481,441
482,442
483,443
484,444
485,445
486,446
487,447
488,448
489,449
490,450
491,450
492,451
493,452
494,453
495,454
496,455
497,456
498,456
499,457
500,458
501,459
504,462
508,466
509,467
510,468
511,469
512,470
513,470
514,470
516,472
518,474
519,475
520,476
521,477
522,478
523,479
524,480
525,481
526,482
527,483
528,484
529,485
530,486
531,487
533,489
534,489
535,489
536,490
537,491
538,492
539,493
540,494
541,495
542,496
543,497
544,498
547,501
548,502
549,503
550,504
551,505
552,506
553,507
554,507
555,508
556,509
557,510
558,511
559,512
560,513
561,514
562,515
564,517
565,518
566,519
568,521
569,522
570,523
571,524
572,525
573,526
574,527
575,528
576,528
578,530
579,531
580,532
581,533
583,535
584,536
585,537
586,538
587,539
589,541
592,544
593,545
594,546
595,547
596,548
597,548
598,549
599,549
601,551
602,551
603,551
604,552
605,553
606,554
607,555
609,557
610,558
611,559
613,561
614,561
615,562
616,563
618,565
619,566
620,567
621,568
622,569
623,570
624,570
626,572
627,573
628,572
629,574
630,575
631,576
632,577
633,578
634,579
635,579
636,580
637,581
638,582
639,583
640,584
641,585
642,586
643,587
644,588
645,589
646,590
647,591
648,592
649,593
650,594
651,595
653,597
655,599
656,599
657,599
658,600
659,600
660,601
661,602
662,603
663,604
664,605
665,606
666,607
667,608
668,609
669,608
670,610
671,611
672,612
673,613
674,614
675,615
676,616
677,617
678,618
679,619
680,620
681,621
682,621
683,622
684,623
685,624
686,625
687,626
690,629
691,630
692,631
693,632
694,633
695,634
696,635
697,636
698,637
699,638
700,639
701,640
702,640
703,641
704,641
705,641
706,642
707,643
708,644
709,645
710,646
711,646
712,647
713,648
714,649
715,650
718,653
719,654
720,655
721,656
722,657
724,659
725,660
726,661
727,662
728,663
729,663
730,664
731,665
732,666
733,667
734,668
735,669
736,670
737,671
738,672
740,674
741,675
742,676
743,677
744,678
745,679
746,680
747,681
748,682
751,685
752,686
754,688
755,689
756,689
757,689
758,690
760,692
761,693
762,694
763,695
764,696
765,697
766,698
767,699
768,700
769,701
770,702
771,703
772,704
773,705
775,707
776,708
778,710
779,711
780,712
781,713
782,714
783,715
784,715
785,716
786,717
788,719
789,720
790,721
791,722
795,726
796,727
797,728
798,729
799,730
800,731
801,732
802,733
803,734
804,735
805,735
808,738
809,739
810,740
811,741
812,742
813,743
814,744
817,747
819,749
821,751
823,753
824,753
825,754
826,755
827,756
829,758
830,759
831,760
832,761
835,764
836,765
837,766
838,767
839,768
840,769
841,770
842,771
843,772
844,773
845,774
846,775
847,776
848,777
849,778
850,778
851,779
852,780
853,780
854,780
855,780
856,781
857,782
858,783
859,784
860,785
861,786
862,787
863,788
864,789
865,790
866,790
867,790
868,791
870,793
871,794
872,795
873,796
874,797
875,798
877,800
878,801
879,802
880,803
881,804
882,805
883,806
884,807
885,808
886,809
887,810
888,811
889,812
890,813
891,814
893,816
894,817
895,818
896,819
897,820
898,821
899,822
900,823
901,824
903,826
904,827
905,828
906,829
907,830
908,831
909,832
910,833
911,834
912,835
913,836
915,838
916,839
918,841
920,843
921,844
922,845
923,846
924,847
925,847
926,848
927,849
928,849
930,851
931,852
932,853
933,854
934,855
935,856
936,857
938,859
939,860
940,860
941,861
942,862
943,863
944,864
945,865
946,866
947,867
948,868
949,869
950,870
952,872
953,872
955,874
956,875
957,876
958,877
959,878
960,878
961,879
962,880
963,881
964,882
965,883
966,884
967,885
968,886
969,887
970,888
973,891
974,892
975,893
976,894
977,895
978,896
980,898
981,899
982,900
983,901
985,903
986,904
987,905
988,906
989,907
990,907
991,907
992,908
994,910
995,911
996,912
997,912
998,913
999,914
1000,915
1002,917
1003,918
1004,919
1005,920
1006,921
1007,922
1008,923
1009,924
1010,925
1011,926
1012,927
1013,928
1014,929
1015,929
1016,930
1017,931
1018,932
1019,933
1020,934
1021,934
1022,935
1023,936
1024,937
1025,938
1026,939
1028,941
1029,941
1030,942
1031,943
1032,944
1033,945
1035,947
1036,947
1038,949
1039,950
1040,951
1041,952
1042,953
1043,954
1045,956
1046,957
1047,958
1048,959
1049,960
1050,961
1051,962
1052,963
1053,964
1054,965
1055,966
1056,967
1057,968
1058,969
1059,970
1060,971
1061,972
1062,973
1063,974
1065,976
1066,977
1067,978
1068,979
1069,980
1070,980
1071,980
1072,981
1073,982
1074,983
1076,985
1077,986
1078,987
1079,988
1080,989
1081,990
1082,991
1083,992
1084,993
1085,994
1088,997
1089,998
1090,999
1091,999
1092,1000
1093,1001
1095,1003
1096,1004
1098,1006
1099,1007
1100,1008
1101,1008
1102,1009
1103,1010
1104,1010
1105,1011
1107,1013
1108,1014
1109,1015
1111,1017
1112,1018
1113,1019
1114,1020
1115,1021
1116,1022
1117,1023
1118,1024
1119,1025
1120,1026
1121,1027
1122,1028
1123,1029
1124,1030
1125,1031
1126,1032
1127,1033
1128,1034
1129,1035
1130,1036
1131,1037
1132,1038
1135,1041
1136,1042
1137,1043
1138,1044
1139,1045
1140,1045
1141,1046
1142,1047
1143,1048
1144,1049
1145,1050
1146,1051
1147,1052
1148,1053
1149,1054
1150,1055
1151,1056
1152,1057
1154,1059
1155,1060
1156,1061
1157,1062
1159,1064
1160,1065
1161,1066
1162,1067
1163,1068
1164,1069
1165,1070
1166,1071
1167,1072
1168,1073
1169,1074
1170,1075
1172,1077
1173,1078
1174,1079
1175,1078
1176,1080
1177,1081
1178,1082
1179,1083
1180,1084
1184,1088
1185,1089
1186,1090
1187,1091
1188,1092
1189,1093
1190,1094
1191,1095
1192,1096
1194,1098
1195,1099
1196,1100
1197,1100
1199,1102
1200,1103
1201,1104
1202,1105
1203,1106
1204,1106
1205,1107
1206,1108
1207,1109
1208,1109
1209,1109
1210,1110
1211,1111
1212,1112
1213,1113
1214,1114
1215,1115
1217,1117
1218,1118
1219,1119
1220,1120
1221,1121
1222,1122
1223,1123
1224,1124
1225,1125
1227,1127
1228,1128
1229,1129
1230,1130
1231,1131
1232,1132
1233,1133
1234,1134
1237,1137
1238,1137
1239,1138
1240,1138
1241,1139
1242,1140
1243,1141
1244,1142
1245,1143
1246,1144
1247,1145
1248,1146
1249,1147
1250,1148
1251,1149
1253,1151
1255,1153
1256,1154
1257,1155
1258,1156
1259,1157
1260,1158
1261,1159
1262,1160
1264,1162
1265,1163
1266,1163
1267,1164
1268,1165
1269,1166
1270,1167
1271,1168
1272,1169
1273,1170
1274,1171
1275,1172
1276,1173
1277,1174
1278,1175
1279,1176
1280,1177
1281,1178
1282,1179
1283,1180
1284,1181
1285,1182
1286,1183
1287,1184
1289,1186
1290,1187
1291,1187
1292,1188
1293,1189
1295,1191
1296,1192
1298,1194
1300,1196
1301,1197
1302,1198
1303,1198
1305,1200
1306,1201
1307,1202
1308,1203
1309,1204
1310,1205
1311,1206
1312,1207
1313,1207
1314,1208
1316,1210
1317,1211
1318,1212
1319,1213
1320,1214
1321,1215
1322,1216
1323,1217
1324,1218
1325,1219
1326,1220
1327,1221
1328,1222
1329,1223
1330,1224
1331,1225
1332,1226
1334,1228
1336,1230
1337,1230
1338,1231
1339,1232
1340,1233
1341,1234
1342,1235
1344,1237
1345,1238
1346,1239
1347,1240
1348,1241
1349,1242
1350,1243
1351,1244
1352,1245
1354,1247
1355,1248
1356,1249
1357,1250
1358,1251
1359,1252
1360,1253
1361,1254
1362,1255
1363,1256
1364,1257
1365,1258
1366,1259
1367,1260
1368,1261
1369,1262
1371,1264
1372,1265
1373,1266
1374,1267
1375,1268
1376,1269
1377,1270
1378,1270
1379,1270
1380,1270
1381,1271
1382,1272
1383,1273
1384,1274
1385,1274
1386,1275
1387,1276
1388,1277
1389,1278
1390,1279
1391,1280
1392,1281
1393,1282
1394,1283
1395,1284
1396,1285
1397,1285
1402,1290
1404,1292
1405,1293
1407,1295
1408,1296
1410,1298
1411,1299
1412,1299
1413,1299
1414,1300
1415,1301
1416,1302
1417,1303
1418,1304
1419,1305
1420,1306
1421,1307
1423,1309
1424,1310
1425,1311
1427,1313
1428,1314
1429,1315
1430,1316
1431,1317
1432,1318
1433,1319
1434,1320
1435,1321
1436,1322
1437,1323
1438,1324
1439,1325
1440,1326
1442,1328
1443,1329
1445,1331
1446,1332
1447,1333
1448,1334
1449,1335
1450,1336
1451,1337
1452,1338
1453,1339
1454,1340
1455,1341
1457,1343
1460,1346
1461,1347
1462,1348
1463,1349
1464,1350
1466,1352
1469,1355
1470,1356
1472,1358
1473,1359
1474,1360
1475,1361
1476,1362
1477,1363
1478,1364
1479,1365
1480,1366
1481,1367
1484,1370
1485,1371
1486,1372
1487,1373
1488,1374
1490,1376
1491,1377
1492,1378
1493,1379
1495,1381
1496,1382
1497,1383
1498,1384
1499,1385
1500,1386
1501,1387
1502,1388
1503,1389
1504,1390
1505,1391
1506,1392
1508,1394
1511,1397
1512,1398
1513,1399
1515,1401
1516,1402
1517,1403
1518,1404
1519,1405
1520,1406
1521,1407
1524,1410
1525,1411
1526,1412
1527,1413
1528,1414
1529,1415
1530,1416
1531,1417
1532,1418
1533,1419
1534,1420
1535,1421
1536,1422
1537,1423
1538,1424
1539,1425
1540,1426
1542,1428
1543,1429
1544,1430
1545,1431
1546,1432
1547,1433
1550,1436
1551,1436
1552,1436
1553,1436
1554,1436
1555,1436
1556,1436
1557,1436
1558,1436
1559,1436
1561,1438
1562,1439
1563,1440
1564,1441
1565,1442
1567,1444
1568,1445
1570,1447
1571,1448
1573,1450
1574,1451
1575,1452
1576,1453
1577,1454
1580,1457
1581,1458
1583,1460
1584,1461
1585,1462
1586,1463
1587,1464
1588,1465
1589,1465
1590,1466
1591,1467
1592,1468
1593,1469
1594,1470
1595,1471
1596,1472
1597,1473
1598,1474
1599,1475
1601,1477
1603,1479
1604,1480
1605,1481
1606,1482
1607,1483
1609,1485
1610,1486
1611,1487
1612,1488
1613,1489
1614,1489
1615,1490
1616,1491
1617,1492
1618,1492
1620,1494
1621,1495
1622,1496
1624,1498
1625,1499
1626,1500
1627,1501
1628,1502
1629,1503
1630,1504
1631,1505
1632,1506
1633,1507
1634,1508
1635,1509
1636,1510
1637,1511
1638,1512
1639,1513
1640,1514
1641,1515
1643,1517
1644,1518
1645,1519
1649,1522
1651,1524
1652,1524
1653,1524
1654,1524
1655,1525
1656,1526
1657,1527
1658,1528
1660,1530
1662,1532
1663,1533
1664,1534
1665,1535
1666,1536
1667,1537
1669,1539
1670,1540
1671,1541
1672,1542
1673,1543
1674,1544
1675,1545
1676,1546
1677,1547
1678,1548
1679,1549
1681,1551
1683,1553
1685,1555
1686,1556
1687,1556
1688,1557
1689,1558
1690,1559
1691,1559
1692,1559
1693,1560
1695,1562
1696,1563
1698,1565
1699,1566
1700,1567
1701,1567
1702,1567
1703,1567
1704,1567
1705,1568
1710,1573
1711,1574
1712,1575
1713,1576
1714,1577
1715,1578
1716,1578
1717,1578
1718,1578
1720,1580
1721,1581
1722,1582
1724,1584
1725,1585
1727,1587
1729,1589
1730,1590
1731,1591
1732,1592
1733,1593
1734,1594
1735,1595
1736,1596
1737,1597
1738,1598
1740,1600
1741,1601
1742,1602
1743,1603
1744,1604
1745,1605
1746,1606
1747,1606
1748,1606
1749,1607
1750,1608
1751,1608
1754,1611
1755,1612
1756,1613
1758,1615
1760,1617
1761,1618
1762,1619
1763,1619
1764,1620
1765,1621
1766,1622
1767,1623
1768,1624
1769,1625
1770,1625
1771,1625
1772,1626
1773,1627
1774,1628
1775,1629
1776,1630
1777,1631
1778,1632
1779,1633
1780,1634
1781,1635
1782,1636
1783,1637
1784,1638
1786,1640
1787,1640
1790,1643
1791,1644
1792,1645
1793,1646
1794,1647
1795,1648
1796,1649
1797,1650
1798,1651
1799,1652
1800,1653
1802,1655
1803,1656
1804,1657
1805,1658
1806,1659
1807,1659
1809,1661
1811,1663
1812,1664
1813,1665
1814,1666
1816,1668
1817,1669
1818,1670
1820,1672
1821,1673
1822,1674
1823,1675
1824,1676
1825,1677
1826,1678
1827,1679
1829,1681
1830,1682
1831,1683
1832,1684
1833,1684
1834,1685
1835,1686
1836,1687
1837,1688
1838,1689
1839,1690
1840,1691
1841,1692
1842,1693
1843,1694
1844,1695
1845,1696
1846,1696
1847,1697
1848,1698
1849,1699
1850,1700
1851,1701
1852,1702
1853,1703
1854,1704
1855,1705
1858,1708
1859,1709
1860,1710
1861,1711
1862,1712
1863,1713
1864,1714
1865,1715
1866,1716
1867,1717
1868,1718
1869,1719
1870,1720
1871,1721
1872,1722
1873,1723
1874,1724
1875,1724
1877,1726
1878,1727
1879,1728
1881,1730
1883,1732
1884,1733
1885,1734
1886,1735
1887,1736
1888,1737
1889,1738
1890,1739
1891,1740
1892,1741
1893,1742
1894,1743
1895,1744
1896,1744
1897,1745
1898,1746
1899,1747
1900,1748
1901,1749
1902,1750
1903,1751
1904,1752
1906,1754
1907,1755
1908,1756
1909,1757
1910,1758
1911,1759
1912,1760
1913,1761
1914,1761
1915,1762
1916,1763
1917,1764
1918,1765
1919,1766
1920,1767
1921,1768
1922,1769
1923,1770
1924,1771
1925,1772
1926,1773
1927,1774
1928,1775
1929,1776
1930,1777
1931,1778
1932,1779
1933,1780
1935,1782
1936,1783
1937,1784
1938,1785
1939,1786
1940,1787
1941,1788
1942,1789
1943,1789
1944,1790
1945,1791
1946,1792
1947,1793
1948,1793
1949,1794
1950,1795
1952,1797
1953,1798
1954,1797
1955,1799
1956,1800
1957,1800
1958,1800
1959,1801
1960,1802
1961,1803
1962,1804
1964,1806
1965,1807
1966,1807
1967,1808
1968,1809
1969,1810
1970,1811
1971,1811
1972,1811
1973,1811
1974,1812
1975,1813
1976,1814
1977,1815
1979,1817
1980,1818
1981,1819
1982,1820
1983,1820
1984,1820
1985,1821
1986,1822
1987,1823
1988,1824
1989,1825
1992,1827
1993,1828
1994,1829
1995,1829
1996,1830
1997,1831
1998,1831
1999,1832
2001,1834
2002,1835
2003,1836
2004,1837
2005,1838
2006,1839
2007,1840
2008,1841
2009,1842
2010,1843
2011,1844
2012,1845
2014,1847
2015,1848
2017,1850
2018,1851
2019,1852
2020,1853
2021,1854
2022,1855
2023,1856
2024,1857
2025,1858
2026,1858
2027,1858
2028,1859
2030,1861
2032,1863
2033,1864
2034,1863
2036,1866
2037,1867
2039,1869
2040,1870
2043,1873
2044,1874
2045,1875
2046,1876
2047,1877
2049,1879
2050,1880
2051,1881
2052,1882
2053,1883
2054,1884
2059,1889
2061,1891
2063,1893
2064,1893
2065,1894
2066,1895
2067,1896
2068,1897
2069,1898
2070,1899
2071,1900
2072,1901
2073,1902
2074,1903
2076,1905
2077,1906
2079,1908
2080,1909
2081,1910
2082,1911
2083,1912
2085,1914
2086,1915
2087,1916
2090,1919
2091,1920
2092,1921
2093,1922
2094,1923
2095,1924
2096,1925
2097,1925
2098,1926
2099,1927
2100,1928
2101,1929
2102,1930
2103,1931
2104,1932
2105,1932
2106,1933
2107,1934
2108,1935
2109,1936
2111,1938
2112,1939
2113,1940
2114,1941
2115,1942
2116,1943
2117,1944
2118,1945
2119,1946
2120,1947
2121,1948
2123,1950
2124,1950
2125,1951
2126,1952
2127,1953
2129,1955
2130,1956
2131,1957
2132,1958
2134,1960
2136,1962
2137,1963
2138,1964
2139,1964
2140,1965
2142,1967
2143,1968
2144,1969
2145,1970
2146,1971
2147,1972
2148,1973
2151,1976
2152,1977
2153,1978
2154,1979
2156,1981
2157,1981
2158,1982
2159,1983
2160,1984
2161,1985
2162,1986
2163,1987
2164,1987
2165,1987
2166,1988
2167,1989
2168,1990
2169,1991
2170,1992
2171,1993
2173,1995
2174,1996
2175,1997
2177,1999
2178,2000
2179,2001
2180,2002
2181,2003
2182,2004
2184,2006
2185,2007
2186,2008
2187,2009
2188,2010
2192,2014
2193,2015
2194,2016
2195,2017
2196,2018
2197,2019
2198,2020
2199,2020
2200,2021
2201,2022
2204,2025
2205,2026
2209,2030
2210,2031
2211,2032
2213,2034
2214,2035
2215,2036
2216,2037
2218,2039
2219,2040
2220,2041
2221,2042
2222,2043
2223,2043
2225,2045
2226,2046
2227,2047
2228,2048
2233,2053
2234,2054
2235,2055
2236,2056
2237,2057
2238,2058
2239,2059
2240,2060
2241,2061
2242,2062
2243,2063
2244,2064
2245,2065
2246,2066
2247,2067
2248,2068
2249,2069
2250,2070
2251,2071
2252,2072
2253,2073
2254,2074
2255,2075
2256,2076
2258,2078
2260,2080
2261,2081
2262,2082
2263,2083
2264,2084
2265,2085
2266,2086
2267,2087
2268,2088
2270,2090
2271,2090
2272,2090
2273,2090
2274,2090
2275,2091
2276,2092
2278,2094
2279,2095
2280,2096
2281,2097
2282,2098
2283,2099
2284,2100
2285,2101
2286,2102
2287,2103
2288,2104
2289,2104
2290,2105
2291,2106
2292,2107
2293,2108
2294,2109
2295,2110
2296,2110
2297,2111
2298,2112
2299,2113
2300,2114
2301,2115
2302,2116
2303,2116
2304,2117
2305,2118
2306,2119
2307,2120
2308,2121
2309,2122
2310,2123
2311,2124
2312,2125
2313,2126
2314,2126
2315,2126
2316,2127
2317,2128
2318,2129
2319,2130
2321,2132
2322,2133
2323,2134
2324,2135
2325,2136
2326,2137
2327,2138
2328,2139
2329,2140
2330,2141
2331,2142
2332,2143
2333,2144
2335,2146
2336,2147
2337,2148
2338,2149
2339,2150
2340,2151
2341,2152
2343,2154
2344,2155
2345,2156
2346,2157
2347,2158
2349,2160
2350,2161
2351,2162
2352,2163
2353,2164
2354,2165
2355,2166
2356,2167
2357,2168
2358,2169
2359,2170
2361,2172
2362,2173
2363,2174
2364,2175
2365,2176
2366,2177
2367,2178
2368,2179
2369,2180
2370,2181
2371,2182
2372,2182
2373,2183
2374,2184
2375,2185
2377,2187
2379,2189
2380,2190
2381,2191
2382,2192
2383,2193
2384,2194
2385,2195
2386,2196
2387,2197
2389,2199
2390,2200
2391,2201
2392,2202
2393,2203
2394,2204
2395,2205
2396,2206
2397,2207
2398,2208
2400,2210
2401,2211
2403,2213
2405,2215
2407,2217
2408,2218
2409,2219
2410,2220
2411,2221
2412,2222
2413,2223
2415,2225
2417,2227
2418,2228
2420,2230
2421,2231
2422,2232
2423,2233
2424,2234
2425,2235
2426,2236
2428,2238
2429,2239
2430,2240
2431,2241
2432,2242
2433,2243
2434,2244
2437,2247
2438,2248
2439,2249
2440,2250
2443,2253
2444,2254
2445,2255
2446,2256
2448,2258
2449,2259
2450,2260
2451,2261
2452,2262
2453,2263
2455,2265
2456,2266
2457,2267
2458,2268
2459,2269
2460,2270
2461,2271
2462,2272
2463,2273
2464,2274
2465,2275
2466,2276
2467,2277
2468,2278
2470,2280
2471,2281
2472,2282
2473,2283
2476,2286
2477,2287
2478,2288
2479,2289
2483,2293
2485,2295
2488,2298
2489,2299
2490,2299
2491,2300
2492,2301
2494,2303
2495,2303
2496,2304
2497,2304
2498,2305
2499,2306
2500,2307
2501,2307
2502,2307
2503,2308
2504,2309
2505,2310
2506,2311
2507,2312
2509,2314
2510,2315
2511,2316
2512,2317
2513,2317
2514,2318
2515,2319
2516,2320
2517,2321
2518,2322
2519,2323
2520,2324
2521,2325
2522,2326
2523,2327
2524,2328
2525,2329
2526,2330
2528,2332
2529,2333
2531,2335
2532,2336
2533,2337
2534,2338
2535,2339
2536,2340
2537,2341
2538,2342
2539,2343
2541,2345
2543,2347
2544,2348
2545,2348
2546,2349
2547,2350
2548,2351
2549,2352
2550,2353
2551,2353
2552,2354
2554,2356
2556,2358
2557,2359
2558,2360
2559,2361
2560,2362
2561,2363
2562,2364
2563,2365
2564,2366
2565,2367
2566,2368
2568,2370
2569,2371
2570,2372
2571,2373
2572,2374
2574,2376
2575,2377
2576,2377
2577,2378
2578,2379
2579,2380
2581,2382
2582,2383
2583,2384
2584,2385
2585,2386
2586,2387
2588,2389
2589,2390
2591,2392
2592,2393
2594,2395
2595,2396
2596,2397
2599,2400
2600,2401
2601,2402
2602,2403
2603,2404
2604,2405
2605,2406
2606,2407
2607,2408
2608,2408
2609,2409
2610,2410
2611,2411
2612,2412
2613,2413
2614,2414
2615,2414
2616,2415
2617,2416
2619,2418
2622,2421
2623,2422
2624,2423
2625,2424
2626,2425
2627,2426
2628,2427
2629,2428
2630,2429
2631,2430
2633,2432
2634,2433
2635,2434
2636,2435
2637,2436
2638,2437
2641,2440
2642,2441
2643,2442
2644,2442
2645,2443
2646,2444
2647,2445
2648,2446
2649,2447
2650,2447
2651,2448
2652,2449
2653,2449
2655,2451
2658,2453
2659,2454
2660,2455
2661,2456
2662,2457
2665,2460
2666,2461
2667,2462
2669,2464
2671,2466
2672,2467
2673,2468
2675,2470
2676,2470
2677,2470
2678,2470
2679,2471
2680,2472
2682,2474
2683,2475
2684,2476
2685,2477
2686,2478
2687,2479
2688,2480
2689,2481
2690,2482
2691,2482
2693,2484
2695,2486
2696,2487
2697,2488
2698,2489
2699,2490
2700,2491
2701,2492
2702,2493
2703,2494
2704,2495
2705,2496
2706,2497
2707,2498
2708,2499
2709,2500
2710,2501
2711,2502
2712,2503
2713,2504
2714,2505
2715,2506
2716,2507
2717,2508
2718,2509
2720,2511
2721,2512
2722,2513
2723,2514
2724,2515
2725,2515
2726,2516
2727,2517
2728,2518
2729,2519
2730,2519
2731,2520
2732,2521
2733,2522
2734,2523
2737,2526
2738,2527
2740,2529
2741,2530
2742,2531
2743,2532
2744,2533
2745,2534
2747,2536
2748,2537
2749,2538
2750,2539
2751,2540
2752,2541
2754,2543
2755,2544
2756,2545
2757,2546
2758,2547
2759,2548
2760,2549
2761,2550
2763,2552
2764,2553
2765,2554
2766,2555
2767,2556
2769,2558
2770,2559
2771,2560
2772,2561
2773,2562
2774,2563
2775,2564
2777,2566
2778,2567
2779,2568
2780,2569
2781,2570
2782,2571
2783,2572
2785,2574
2786,2575
2787,2576
2788,2576
2789,2576
2790,2576
2791,2577
2792,2577
2794,2579
2795,2580
2796,2581
2797,2582
2798,2583
2799,2584
2800,2585
2801,2586
2802,2587
2804,2589
2805,2590
2806,2591
2807,2592
2808,2593
2809,2594
2810,2595
2811,2596
2812,2597
2813,2598
2814,2599
2815,2600
2816,2601
2817,2602
2818,2603
2820,2605
2821,2606
2822,2607
2824,2609
2825,2610
2826,2611
2827,2612
2828,2613
2829,2614
2830,2615
2832,2617
2833,2618
2834,2619
2835,2620
2836,2620
2837,2621
2838,2622
2839,2623
2840,2624
2841,2625
2842,2626
2843,2627
2844,2628
2845,2629
2847,2631
2848,2632
2849,2633
2850,2634
2851,2635
2852,2636
2853,2636
2854,2637
2855,2638
2856,2639
2857,2640
2860,2643
2861,2644
2863,2646
2864,2646
2865,2647
2866,2648
2867,2649
2868,2650
2869,2651
2870,2652
2871,2653
2872,2654
2873,2655
2874,2656
2875,2657
2876,2658
2877,2659
2878,2660
2879,2661
2880,2662
2881,2663
2882,2664
2883,2665
2884,2666
2885,2667
2887,2669
2888,2670
2889,2671
2890,2672
2891,2673
2892,2674
2893,2675
2894,2676
2895,2677
2896,2678
2897,2679
2898,2679
2899,2680
2900,2681
2901,2682
2902,2683
2903,2684
2904,2685
2905,2686
2906,2687
2907,2688
2908,2689
2909,2690
2910,2691
2911,2692
2912,2693
2913,2693
2914,2694
2916,2696
2917,2697
2918,2698
2919,2699
2920,2700
2921,2701
2922,2702
2924,2704
2925,2705
2926,2706
2927,2707
2928,2708
2929,2709
2930,2710
2931,2711
2932,2712
2933,2713
2934,2713
2936,2715
2937,2716
2938,2717
2941,2720
2942,2721
2943,2722
2944,2723
2945,2724
2948,2727
2949,2728
2950,2729
2951,2730
2952,2731
2954,2733
2955,2734
2956,2735
2957,2736
2958,2737
2959,2736
2960,2738
2961,2739
2962,2740
2963,2741
2964,2741
2965,2742
2966,2743
2967,2744
2968,2745
2969,2746
2970,2747
2972,2749
2973,2750
2974,2751
2975,2752
2976,2753
2977,2754
2978,2755
2979,2756
2980,2757
2981,2758
2985,2762
2986,2763
2987,2764
2988,2765
2989,2766
2990,2767
2991,2768
2992,2769
2993,2770
2996,2773
2997,2774
2998,2775
2999,2776
3000,2777
3001,2778
3002,2779
3003,2780
3004,2781
3005,2782
3006,2783
3007,2784
3008,2785
3009,2786
3010,2787
3011,2788
3012,2789
3013,2789
3014,2790
3015,2791
3017,2793
3018,2794
3019,2795
3020,2796
3021,2797
3023,2799
3025,2801
3026,2802
3028,2804
3029,2805
3030,2806
3031,2807
3032,2808
3033,2809
3034,2810
3035,2811
3036,2812
3037,2813
3038,2814
3039,2815
3040,2816
3041,2817
3042,2818
3043,2819
3044,2820
3046,2822
3047,2823
3049,2825
3050,2826
3051,2827
3052,2828
3053,2829
3055,2831
3056,2832
3057,2833
3059,2835
3060,2836
3061,2837
3062,2838
3063,2839
3064,2839
3065,2840
3066,2841
3067,2842
3068,2843
3069,2844
3070,2845
3071,2846
3072,2846
3073,2847
3074,2848
3075,2849
3077,2851
3078,2851
3079,2852
3080,2853
3081,2854
3082,2855
3083,2856
3084,2857
3085,2858
3086,2859
3087,2860
3088,2861
3089,2862
3090,2863
3091,2864
3092,2865
3093,2865
3094,2865
3097,2868
3098,2869
3099,2870
3100,2871
3101,2872
3102,2873
3103,2874
3104,2874
3105,2875
3106,2875
3107,2876
3108,2877
3109,2878
3110,2879
3112,2881
3113,2882
3114,2883
3115,2884
3116,2885
3117,2886
3118,2887
3119,2888
3120,2889
3121,2890
3122,2891
3123,2892
3124,2893
3125,2893
3126,2894
3127,2895
3128,2896
3129,2897
3132,2900
3133,2900
3134,2901
3136,2903
3137,2904
3139,2906
3140,2907
3141,2907
3142,2908
3143,2909
3144,2910
3145,2911
3146,2912
3147,2913
3148,2914
3149,2915
3150,2916
3151,2916
3152,2917
3153,2918
3154,2919
3155,2920
3156,2921
3157,2922
3158,2923
3159,2924
3160,2925
3161,2926
3162,2927
3163,2928
3164,2929
3165,2930
3166,2931
3167,2932
3168,2933
3169,2934
3170,2935
3171,2936
3172,2937
3173,2938
3174,2939
3175,2940
3176,2941
3177,2942
3179,2944
3180,2944
3181,2945
3182,2946
3183,2947
3185,2949
3186,2950
3187,2951
3188,2952
3189,2953
3190,2953
3191,2954
3192,2955
3193,2956
3194,2957
3195,2958
3196,2959
3197,2960
3198,2961
3199,2962
3200,2963
3201,2963
3202,2963
3203,2964
3204,2965
3205,2966
3206,2967
3207,2968
3208,2969
3209,2970
3211,2972
3212,2973
3213,2974
3215,2976
3216,2977
3217,2978
3218,2979
3219,2980
3222,2983
3223,2984
3224,2985
3225,2986
3226,2987
3228,2989
3229,2990
3230,2990
3231,2991
3232,2992
3234,2994
3235,2995
3237,2997
3238,2998
3239,2999
3240,3000
3241,3001
3242,3002
3243,3003
3244,3004
3245,3005
3246,3006
3247,3007
3248,3008
3249,3009
3250,3010
3251,3011
3252,3012
3253,3013
3254,3014
3255,3015
3256,3016
3257,3017
3258,3018
3259,3019
3260,3020
3261,3021
3262,3022
3263,3023
3264,3024
3265,3025
3266,3026
3267,3027
3269,3029
3270,3030
3271,3031
3272,3032
3273,3033
3274,3034
3275,3035
3277,3037
3278,3038
3279,3038
3280,3038
3281,3038
3282,3039
3283,3040
3284,3040
3285,3041
3286,3042
3287,3043
3288,3043
3290,3045
3291,3046
3292,3047
3293,3047
3294,3047
3295,3048
3296,3049
3297,3050
3298,3051
3299,3052
3300,3053
3301,3054
3302,3055
3304,3057
3305,3057
3306,3057
3307,3057
3308,3058
3309,3058
3310,3059
3311,3060
3312,3060
3313,3060
3314,3061
3315,3062
3316,3063
3317,3064
3318,3064
3319,3065
3320,3066
3321,3067
3323,3069
3324,3070
3325,3071
3326,3072
3327,3073
3328,3074
3329,3075
3330,3076
3331,3076
3332,3077
3333,3077
3334,3078
3335,3079
3336,3080
3338,3082
3339,3083
3340,3084
3341,3085
3342,3086
3343,3087
3345,3089
3346,3090
3347,3091
3348,3092
3349,3092
3350,3093
3352,3095
3353,3096
3354,3097
3355,3098
3356,3099
3357,3100
3359,3102
3360,3103
3361,3104
3362,3104
3363,3105
3364,3105
3365,3106
3366,3107
3367,3108
3369,3110
3370,3111
3371,3112
3373,3114
3374,3115
3375,3116
3376,3117
3378,3119
3379,3120
3380,3121
3382,3123
3383,3124
3384,3125
3385,3126
3386,3127
3387,3128
3388,3129
3389,3130
3390,3131
3391,3132
3392,3133
3393,3134
3394,3135
3395,3135
3396,3135
3397,3136
3398,3137
3400,3139
3401,3140
3402,3140
3403,3141
3404,3142
3406,3144
3408,3146
3409,3147
3410,3147
3411,3148
3412,3149
3413,3150
3414,3151
3415,3152
3416,3153
3417,3154
3418,3155
3419,3156
3422,3159
3423,3160
3424,3161
3426,3163
3427,3164
3428,3165
3429,3166
3430,3167
3431,3168
3432,3169
3433,3170
3435,3172
3436,3172
3437,3173
3438,3174
3439,3175
3440,3176
3441,3177
3442,3178
3443,3178
3444,3179
3446,3181
3447,3182
3448,3183
3449,3183
3450,3183
3451,3184
3452,3185
3453,3186
3454,3186
3455,3187
3456,3188
3457,3189
3458,3190
3459,3191
3460,3192
3461,3193
3463,3195
3464,3196
3465,3197
3466,3198
3467,3199
3468,3200
3469,3201
3470,3202
3471,3203
3472,3204
3473,3205
3474,3204
3475,3206
3479,3210
3481,3212
3482,3212
3483,3213
3485,3215
3486,3216
3487,3217
3488,3218
3489,3219
3491,3221
3495,3225
3497,3227
3498,3228
3499,3229
3501,3231
3502,3232
3504,3234
3505,3235
3506,3236
3507,3237
3508,3238
3509,3239
3510,3240
3512,3242
3513,3243
3514,3244
3516,3246
3517,3247
3518,3248
3519,3249
3520,3250
3522,3252
3523,3253
3524,3254
3525,3255
3526,3256
3527,3257
3528,3258
3529,3259
3530,3260
3531,3261
3532,3262
3533,3263
3534,3264
3535,3265
3536,3266
3538,3268
3539,3269
3540,3270
3541,3271
3542,3272
3545,3275
3547,3277
3548,3278
3549,3279
3550,3280
3551,3281
3552,3282
3553,3283
3556,3285
3557,3286
3558,3287
3559,3288
3560,3289
3561,3290
3562,3291
3564,3293
3566,3295
3567,3295
3568,3296
3569,3297
3570,3297
3571,3298
3572,3299
3573,3300
3574,3301
3575,3302
3577,3304
3578,3305
3579,3306
3581,3308
3582,3309
3583,3310
3585,3312
3587,3314
3588,3315
3589,3316
3590,3317
3591,3318
3592,3319
3593,3320
3594,3321
3595,3322
3596,3323
3597,3324
3598,3325
3599,3326
3600,3327
3601,3328
3602,3329
3603,3330
3605,3332
3606,3333
3607,3333
3608,3334
3609,3335
3610,3336
3611,3337
3612,3338
3613,3339
3614,3340
3615,3341
3616,3342
3617,3343
3618,3344
3620,3346
3621,3347
3622,3348
3623,3349
3624,3350
3625,3351
3626,3352
3627,3353
3628,3354
3629,3355
3630,3356
3631,3357
3633,3359
3634,3360
3635,3361
3636,3362
3637,3363
3638,3364
3640,3366
3641,3367
3642,3368
3643,3369
3645,3371
3646,3372
3647,3373
3648,3374
3649,3375
3650,3376
3651,3377
3652,3378
3653,3379
3654,3380
3655,3381
3656,3382
3657,3383
3658,3384
3659,3385
3660,3386
3661,3387
3662,3388
3663,3389
3665,3391
3666,3392
3667,3393
3668,3394
3669,3395
3672,3398
3673,3399
3674,3400
3675,3401
3676,3402
3677,3403
3678,3404
3679,3405
3680,3406
3681,3407
3682,3408
3683,3409
3684,3409
3685,3409
3686,3410
3687,3411
3688,3412
3689,3413
3690,3414
3691,3415
3692,3416
3693,3417
3694,3418
3695,3419
3696,3420
3697,3421
3698,3422
3699,3422
3700,3423
3701,3424
3702,3425
3703,3426
3704,3427
3705,3428
3707,3430
3708,3430
3709,3431
3710,3431
3711,3432
3713,3434
3714,3435
3715,3436
3716,3437
3718,3439
3719,3440
3720,3441
3721,3442
3722,3443
3723,3444
3724,3444
3725,3444
3726,3445
3727,3446
3728,3447
3729,3448
3730,3449
3733,3452
3734,3453
3735,3454
3736,3455
3737,3456
3738,3457
3740,3459
3741,3460
3742,3461
3743,3462
3744,3463
3745,3464
3746,3465
3747,3466
3748,3467
3750,3469
3751,3470
3752,3471
3753,3472
3754,3473
3756,3475
3757,3476
3758,3477
3759,3478
3760,3479
3761,3480
3762,3481
3763,3482
3764,3483
3765,3484
3766,3485
3767,3486
3768,3487
3769,3488
3770,3489
3771,3490
3772,3491
3773,3491
3774,3492
3775,3493
3776,3494
3777,3495
3778,3496
3779,3497
3780,3498
3781,3499
3782,3500
3783,3501
3784,3501
3785,3502
3786,3503
3787,3504
3788,3505
3789,3506
3790,3507
3791,3508
3792,3509
3793,3510
3794,3511
3795,3512
3796,3513
3797,3514
3798,3515
3799,3516
3800,3517
3801,3518
3802,3518
3803,3519
3804,3520
3805,3520
3806,3521
3807,3522
3808,3523
3809,3524
3810,3525
3811,3526
3812,3527
3813,3528
3814,3529
3815,3530
3816,3531
3817,3532
3818,3533
3819,3534
3820,3535
3821,3536
3822,3537
3823,3538
3824,3539
3825,3540
3826,3541
3827,3542
3828,3543
3829,3544
3830,3545
3831,3546
3832,3547
3833,3548
3834,3549
3836,3551
3837,3552
3838,3552
3839,3553
3841,3555
3842,3556
3844,3558
3845,3559
3846,3560
3847,3561
3848,3562
3849,3563
3850,3564
3851,3565
3852,3566
3854,3568
3855,3569
3856,3570
3858,3572
3859,3573
3860,3574
3861,3575
3862,3576
3863,3577
3864,3578
3865,3579
3866,3580
3867,3581
3868,3582
3869,3583
3870,3584
3871,3585
3873,3587
3874,3588
3875,3589
3876,3590
3877,3591
3878,3592
3879,3593
3880,3594
3881,3595
3882,3596
3883,3597
3884,3598
3885,3599
3886,3600
3887,3601
3888,3602
3889,3603
3890,3604
3891,3605
3892,3606
3893,3607
3894,3608
3895,3609
3897,3611
3898,3612
3899,3613
3900,3614
3901,3614
3902,3615
3903,3616
3904,3617
3905,3618
3907,3620
3908,3621
3909,3622
3910,3623
3911,3623
3912,3624
3916,3628
3917,3628
3918,3629
3919,3630
3920,3631
3921,3632
3922,3633
3923,3634
3924,3635
3925,3636
3926,3636
3927,3637
3928,3638
3929,3639
3930,3640
3931,3641
3932,3642
3933,3643
3934,3644
3936,3646
3937,3647
3938,3648
3939,3649
3940,3650
3941,3651
3942,3652
3943,3653
3944,3654
3945,3655
3946,3656
3947,3657
3950,3660
3951,3661
3952,3662
3953,3663
3954,3664
3955,3665
3956,3666
3957,3667
3958,3668
3959,3669
3960,3670
3961,3671
3963,3673
3964,3674
3965,3675
3966,3676
3967,3677
3968,3678
3969,3679
3970,3680
3971,3681
3972,3682
3973,3683
3974,3684
3975,3684
3976,3685
3977,3686
3979,3688
3980,3689
3981,3690
3982,3691
3983,3692
3984,3693
3985,3694
3986,3695
3987,3696
3988,3697
3989,3698
3990,3699
3991,3700
3992,3700
3993,3700
3994,3701
3995,3702
3996,3703
3997,3704
3998,3704
4000,3706
4002,3708
4003,3709
4004,3710
4005,3711
4007,3713
4008,3714
4009,3715
4010,3716
4011,3717
4018,3721
4019,3722
4020,3723
4021,3724
4022,3725
4023,3726
4025,3728
4026,3729
4027,3730
4028,3731
4029,3732
4030,3733
4031,3734
4032,3735
4033,3736
4034,3737
4035,3738
4036,3739
4037,3740
4038,3741
4039,3742
4040,3743
4041,3744
4042,3745
4043,3746
4044,3745
4046,3748
4047,3748
4048,3749
4049,3750
4051,3752
4052,3753
4053,3754
4054,3755
4055,3756
4057,3758
4059,3760
4060,3761
4061,3761
4063,3763
4065,3765
4066,3766
4067,3767
4069,3769
4070,3770
4071,3771
4072,3772
4073,3773
4074,3774
4075,3775
4076,3776
4077,3777
4078,3778
4079,3779
4080,3780
4081,3780
4082,3781
4083,3782
4084,3783
4085,3784
4086,3785
4087,3786
4088,3787
4089,3787
4090,3788
4091,3789
4092,3790
4093,3791
4094,3792
4095,3793
4096,3794
4097,3795
4098,3796
4099,3797
4100,3798
4102,3800
4103,3801
4104,3802
4105,3803
4109,3807
4110,3808
4111,3809
4112,3809
4113,3810
4114,3811
4115,3812
4118,3815
4119,3816
4120,3817
4121,3818
4122,3819
4123,3819
4124,3820
4125,3821
4126,3822
4127,3823
4128,3824
4129,3825
4131,3827
4132,3828
4133,3829
4134,3830
4135,3831
4136,3832
4137,3833
4138,3834
4140,3836
4141,3837
4142,3838
4143,3839
4144,3840
4145,3841
4146,3841
4147,3841
4148,3842
4149,3843
4150,3844
4151,3845
4152,3846
4153,3847
4154,3848
4155,3849
4156,3849
4157,3850
4158,3851
4159,3852
4161,3854
4163,3856
4164,3856
4165,3857
4166,3858
4168,3860
4169,3861
4170,3862
4171,3863
4172,3864
4173,3865
4174,3866
4175,3866
4176,3867
4177,3867
4178,3868
4179,3869
4180,3869
4181,3870
4182,3871
4183,3872
4184,3873
4186,3875
4187,3876
4188,3877
4189,3878
4191,3880
4192,3881
4193,3882
4194,3883
4195,3884
4196,3885
4197,3886
4198,3887
4199,3888
4200,3889
4201,3890
4202,3891
4203,3892
4204,3893
4206,3895
4207,3896
4208,3897
4209,3898
4210,3899
4211,3900
4213,3902
4214,3902
4215,3903
4216,3904
4217,3905
4218,3906
4219,3907
4220,3908
4221,3909
4222,3910
4223,3911
4224,3912
4225,3912
4226,3912
4227,3913
4228,3914
4229,3915
4230,3915
4231,3916
4232,3917
4233,3918
4235,3920
4236,3921
4237,3922
4238,3923
4239,3924
4240,3924
4241,3925
4242,3926
4243,3927
4244,3928
4245,3929
4247,3931
4251,3933
4252,3934
4253,3935
4254,3936
4255,3937
4256,3938
4257,3939
4259,3941
4260,3942
4261,3943
4262,3944
4263,3945
4264,3946
4265,3947
4267,3949
4268,3950
4270,3952
4271,3953
4272,3954
4274,3956
4275,3957
4276,3958
4277,3959
4278,3960
4279,3961
4280,3962
4281,3963
4282,3964
4283,3965
4284,3966
4285,3967
4286,3968
4287,3969
4288,3970
4289,3971
4290,3972
4291,3973
4292,3974
4293,3975
4294,3976
4296,3978
4297,3979
4298,3980
4299,3981
4300,3982
4301,3983
4302,3984
4303,3985
4304,3986
4305,3987
4306,3988
4307,3989
4309,3991
4310,3992
4311,3993
4312,3994
4313,3995
4314,3996
4315,3997
4316,3998
4317,3999
4318,4000
4319,4001
4320,4002
4321,4003
4322,4004
4323,4005
4324,4006
4325,4007
4326,4008
4327,4009
4328,4010
4329,4011
4330,4012
4331,4013
4332,4014
4333,4015
4334,4016
4335,4017
4337,4019
4338,4020
4339,4021
4340,4022
4341,4023
4343,4025
4344,4026
4345,4027
4346,4028
4347,4029
4348,4029
4349,4030
4350,4031
4351,4032
4352,4033
4353,4034
4354,4035
4355,4035
4356,4036
4357,4037
4358,4037
4359,4038
4360,4039
4361,4040
4362,4041
4363,4042
4364,4043
4365,4044
4366,4045
4367,4045
4368,4045
4369,4046
4370,4046
4371,4047
4372,4048
4373,4049
4374,4050
4375,4051
4376,4052
4377,4052
4378,4053
4379,4054
4380,4055
4381,4056
4382,4057
4383,4058
4384,4059
4385,4060
4386,4061
4387,4062
4388,4063
4389,4064
4390,4065
4392,4067
4393,4068
4394,4069
4395,4070
4396,4071
4398,4073
4399,4074
4400,4075
4401,4076
4402,4077
4403,4078
4404,4079
4405,4080
4406,4081
4407,4082
4408,4083
4409,4083
4410,4084
4411,4085
4412,4086
4414,4088
4415,4089
4417,4091
4418,4092
4419,4093
4421,4095
4422,4096
4424,4098
4425,4099
4426,4100
4427,4101
4428,4102
4429,4103
4431,4105
4432,4106
4434,4108
4435,4108
4436,4109
4437,4110
4438,4111
4439,4111
4440,4112
4441,4112
4443,4114
4444,4115
4445,4116
4447,4118
4448,4119
4449,4120
4450,4121
4451,4122
4452,4123
4453,4124
4454,4125
4455,4125
4456,4126
4457,4127
4458,4127
4459,4127
4462,4130
4463,4131
4464,4132
4465,4132
4466,4133
4467,4134
4468,4135
4470,4137
4471,4138
4472,4139
4473,4140
4474,4141
4475,4142
4476,4143
4477,4144
4478,4145
4480,4147
4481,4148
4482,4149
4483,4149
4484,4150
4485,4150
4486,4151
4487,4152
4488,4153
4489,4153
4490,4154
4491,4155
4492,4156
4493,4157
4494,4158
4495,4159
4496,4160
4497,4161
4499,4163
4500,4164
4501,4165
4502,4166
4503,4167
4504,4168
4506,4170
4507,4170
4508,4171
4509,4172
4510,4173
4511,4174
4512,4175
4513,4176
4514,4177
4515,4178
4516,4179
4519,4182
4520,4183
4521,4184
4522,4185
4523,4186
4524,4187
4525,4188
4526,4188
4527,4188
4528,4188
4529,4189
4530,4190
4531,4191
4532,4191
4533,4192
4534,4193
4535,4194
4536,4195
4537,4196
4538,4197
4539,4198
4540,4199
4541,4200
4542,4201
4543,4202
4544,4203
4546,4205
4547,4206
4548,4207
4549,4208
4550,4209
4551,4210
4552,4211
4553,4212
4554,4213
4555,4214
4556,4215
4558,4217
4559,4218
4560,4219
4561,4220
4562,4221
4563,4222
4564,4223
4565,4224
4566,4225
4568,4227
4569,4228
4570,4229
4571,4230
4572,4231
4573,4232
4574,4233
4575,4234
4576,4235
4577,4236
4578,4237
4580,4239
4582,4241
4583,4241
4584,4242
4585,4242
4589,4246
4590,4247
4591,4248
4592,4249
4593,4250
4594,4251
4596,4253
4597,4254
4598,4255
4599,4256
4602,4259
4603,4260
4604,4261
4605,4261
4606,4262
4607,4263
4608,4264
4609,4265
4610,4266
4611,4267
4612,4267
4613,4268
4614,4269
4615,4270
4616,4271
4617,4272
4618,4273
4619,4274
4620,4274
4621,4275
4622,4276
4623,4277
4624,4278
4625,4278
4626,4279
4627,4279
4628,4279
4629,4279
4630,4280
4631,4281
4632,4282
4633,4283
4634,4284
4635,4285
4636,4285
4637,4286
4638,4287
4639,4288
4640,4289
4641,4290
4643,4292
4644,4293
4645,4294
4646,4295
4647,4296
4648,4297
4649,4298
4650,4299
4651,4300
4653,4302
4658,4307
4660,4309
4661,4310
4662,4311
4663,4312
4664,4313
4665,4314
4666,4315
4667,4316
4668,4317
4669,4318
4670,4318
4671,4319
4672,4319
4673,4320
4674,4320
4675,4321
4676,4322
4677,4323
4678,4324
4679,4325
4684,4329
4686,4331
4689,4334
4690,4335
4691,4336
4692,4337
4693,4337
4694,4338
4695,4338
4696,4339
4697,4340
4698,4341
4699,4342
4700,4343
4701,4344
4702,4345
4703,4346
4704,4347
4705,4348
4706,4349
4707,4350
4708,4351
4709,4352
4710,4353
4711,4354
4712,4354
4713,4355
4714,4356
4715,4356
4716,4357
4717,4358
4718,4359
4719,4360
4720,4360
4721,4361
4722,4362
4723,4362
4724,4362
4725,4363
4726,4364
4727,4365
4728,4366
4729,4367
4730,4368
4731,4369
4732,4370
4733,4371
4734,4372
4736,4374
4737,4375
4738,4376
4739,4377
4740,4378
4741,4379
4742,4380
4744,4382
4745,4383
4746,4384
4747,4385
4748,4385
4749,4386
4750,4387
4751,4388
4753,4390
4755,4392
4756,4393
4757,4393
4758,4394
4759,4395
4761,4397
4762,4398
4763,4399
4764,4400
4765,4401
4766,4401
4767,4402
4768,4403
4769,4403
4770,4404
4771,4405
4773,4407
4774,4408
4775,4409
4776,4410
4777,4411
4778,4412
4779,4413
4780,4414
4781,4415
4782,4416
4783,4416
4784,4417
4785,4418
4786,4419
4787,4420
4788,4421
4789,4422
4790,4423
4791,4424
4792,4425
4793,4426
4794,4427
4795,4428
4796,4429
4797,4430
4798,4431
4800,4433
4801,4434
4802,4435
4803,4436
4805,4438
4806,4439
4808,4441
4809,4442
4810,4443
4811,4444
4812,4444
4813,4445
4814,4446
4815,4447
4816,4448
4818,4450
4820,4452
4821,4453
4822,4454
4823,4455
4824,4456
4825,4457
4826,4458
4827,4459
4828,4459
4829,4460
4830,4461
4831,4462
4832,4463
4833,4464
4834,4465
4835,4466
4836,4467
4837,4468
4838,4469
4840,4471
4841,4472
4842,4473
4843,4474
4844,4475
4845,4476
4846,4477
4847,4478
4848,4479
4849,4480
4850,4481
4851,4482
4852,4483
4853,4484
4855,4486
4856,4487
4857,4488
4858,4489
4859,4490
4860,4491
4861,4492
4862,4493
4863,4494
4864,4495
4865,4496
4866,4497
4867,4497
4868,4498
4869,4499
4870,4500
4872,4502
4873,4503
4874,4504
4875,4504
4876,4505
4877,4506
4878,4507
4879,4508
4880,4509
4881,4510
4882,4511
4883,4512
4884,4513
4885,4514
4886,4515
4887,4516
4888,4517
4889,4518
4891,4520
4892,4521
4893,4522
4894,4523
4896,4525
4897,4526
4898,4527
4900,4529
4901,4530
4902,4531
4904,4533
4905,4534
4906,4535
4907,4536
4908,4537
4909,4538
4911,4540
4912,4541
4913,4542
4914,4543
4915,4544
4916,4545
4917,4546
4918,4547
4919,4547
4920,4548
4921,4549
4924,4552
4925,4553
4926,4554
4927,4555
4928,4555
4930,4557
4931,4558
4933,4560
4934,4561
4935,4560
4937,4563
4938,4564
4939,4565
4940,4566
4941,4567
4942,4568
4943,4569
4944,4570
4945,4571
4946,4572
4948,4574
4951,4576
4952,4576
4954,4578
4955,4579
4956,4580
4957,4581
4958,4582
4963,4584
4964,4585
4966,4587
4967,4588
4968,4589
4970,4591
4971,4592
4972,4593
4973,4594
4975,4596
4976,4597
4977,4598
4978,4599
4979,4600
4980,4601
4981,4602
4983,4604
4984,4605
4985,4606
4986,4607
4987,4608
4989,4610
4990,4611
4991,4612
4992,4613
4993,4613
4994,4614
4996,4616
4997,4617
4998,4618
5000,4620
5001,4621
5002,4621
5005,4624
5006,4624
5007,4624
5008,4625
5009,4626
5010,4627
5011,4628
5012,4629
5013,4630
5014,4631
5016,4633
5017,4634
5018,4635
5019,4636
5020,4637
5021,4638
5022,4639
5023,4640
5024,4641
5025,4642
5027,4644
5028,4645
5030,4647
5031,4648
5032,4649
5033,4650
5034,4651
5035,4652
5036,4653
5037,4654
5038,4655
5039,4656
5042,4659
5043,4660
5044,4659
5045,4660
5047,4662
5048,4662
5049,4663
5050,4664
5051,4664
5052,4665
5053,4666
5054,4667
5055,4668
5056,4669
5057,4670
5058,4671
5059,4671
5062,4674
5063,4675
5064,4676
5065,4677
5066,4677
5068,4679
5069,4680
5070,4681
5072,4683
5073,4684
5074,4685
5075,4686
5076,4686
5077,4686
5078,4687
5079,4688
5080,4689
5081,4690
5082,4690
5083,4691
5085,4693
5086,4694
5087,4695
5088,4696
5089,4697
5090,4698
5091,4699
5092,4700
5094,4702
5095,4703
5096,4704
5097,4705
5099,4707
5100,4708
5101,4709
5102,4710
5103,4711
5104,4711
5105,4712
5106,4713
5107,4714
5108,4715
5109,4716
5110,4716
5111,4717
5112,4718
5113,4719
5114,4720
5115,4721
5116,4721
5117,4721
5118,4721
5119,4721
5120,4722
5121,4723
5122,4724
5123,4725
5124,4726
5125,4727
5126,4728
5127,4729
5128,4730
5129,4731
5132,4734
5133,4735
5134,4736
5135,4737
5136,4738
5138,4740
5139,4741
5140,4742
5143,4745
5144,4746
5145,4747
5146,4748
5147,4748
5148,4749
5149,4750
5150,4751
5151,4752
5152,4753
5153,4754
5154,4755
5155,4756
5156,4757
5157,4758
5158,4759
5159,4759
5160,4760
5161,4761
5162,4762
5163,4763
5166,4766
5167,4767
5168,4768
5169,4769
5170,4770
5171,4771
5172,4772
5173,4773
5174,4774
5176,4776
5178,4778
5179,4779
5180,4780
5181,4781
5182,4782
5183,4783
5184,4784
5185,4784
5186,4785
5187,4786
5188,4787
5190,4789
5191,4790
5192,4791
5193,4792
5194,4793
5195,4794
5196,4795
5197,4796
5198,4797
5199,4797
5200,4797
5202,4799
5203,4800
5204,4801
5205,4802
5206,4803
5207,4804
5208,4805
5209,4805
5210,4806
5211,4807
5212,4808
5213,4809
5214,4810
5215,4811
5216,4812
5217,4813
5218,4814
5219,4815
5220,4816
5221,4817
5222,4818
5223,4818
5224,4819
5225,4820
5226,4821
5227,4822
5228,4823
5229,4824
5230,4825
5231,4826
5232,4827
5233,4828
5234,4829
5235,4830
5236,4831
5237,4832
5238,4833
5239,4834
5241,4836
5242,4837
5243,4838
5245,4840
5246,4841
5248,4843
5249,4843
5250,4844
5253,4847
5254,4848
5255,4849
5257,4851
5258,4852
5259,4853
5261,4855
5262,4856
5263,4857
5264,4858
5266,4860
5267,4861
5269,4863
5270,4864
5271,4865
5272,4866
5273,4867
5274,4868
5275,4869
5276,4870
5277,4871
5278,4872
5279,4873
5280,4874
5281,4875
5282,4876
5283,4876
5284,4877
5286,4879
5287,4880
5288,4881
5289,4882
5290,4883
5291,4884
5292,4885
5293,4886
5294,4887
5295,4888
5296,4888
5298,4890
5299,4891
5300,4892
5301,4893
5302,4894
5303,4895
5304,4896
5305,4896
5306,4897
5308,4899
5309,4900
5310,4901
5312,4903
5313,4904
5314,4905
5315,4906
5317,4908
5318,4908
5321,4911
5322,4912
5323,4913
5324,4914
5325,4915
5326,4916
5327,4917
5328,4918
5329,4919
5330,4920
5331,4921
5332,4921
5333,4922
5334,4923
5335,4924
5336,4925
5337,4926
5338,4926
5339,4927
5341,4929
5342,4930
5343,4931
5344,4932
5345,4933
5346,4934
5348,4936
5349,4937
5350,4938
5351,4939
5353,4941
5354,4941
5356,4943
5358,4945
5359,4946
5360,4947
5361,4948
5362,4949
5363,4950
5364,4950
5365,4951
5366,4952
5367,4953
5368,4954
5369,4955
5370,4956
5371,4956
5372,4957
5373,4958
5374,4959
5376,4961
5377,4962
5378,4963
5379,4964
5380,4965
5381,4966
5382,4967
5383,4968
5384,4969
5386,4971
5387,4972
5389,4974
5390,4975
5391,4976
5392,4977
5393,4978
5394,4979
5395,4980
5396,4980
5397,4981
5399,4983
5400,4984
5401,4985
5402,4986
5403,4987
5404,4988
5405,4989
5406,4990
5408,4992
5409,4993
5410,4994
5411,4995
5412,4996
5414,4998
5415,4999
5416,5000
5417,5001
5418,5002
5419,5003
5420,5004
5421,5005
5422,5005
5423,5006
5424,5006
5425,5007
5426,5008
5427,5008
5428,5009
5429,5010
5430,5011
5431,5011
5432,5012
5433,5013
5434,5014
5435,5015
5436,5016
5437,5016
5438,5017
5439,5018
5440,5019
5441,5020
5442,5021
5443,5022
5444,5023
5446,5025
5447,5026
5448,5027
5449,5028
5450,5029
5451,5030
5453,5032
5454,5033
5455,5034
5456,5035
5457,5036
5458,5037
5459,5037
5460,5038
5462,5040
5463,5041
5464,5042
5465,5043
5466,5044
5467,5045
5468,5046
5469,5047
5470,5048
5471,5049
5472,5050
5473,5051
5474,5052
5475,5053
5476,5054
5477,5055
5478,5056
5480,5058
5481,5059
5482,5060
5483,5061
5484,5062
5485,5063
5487,5065
5488,5066
5490,5068
5491,5069
5492,5070
5493,5071
5494,5072
5496,5074
5497,5075
5498,5076
5499,5077
5500,5078
5501,5079
5503,5081
5504,5082
5505,5083
5506,5084
5507,5085
5508,5086
5510,5088
5511,5089
5512,5090
5513,5091
5514,5092
5515,5093
5516,5094
5517,5095
5518,5096
5520,5098
5521,5099
5522,5099
5523,5100
5525,5102
5526,5103
5527,5104
5528,5105
5529,5105
5530,5106
5531,5107
5533,5109
5534,5110
5535,5111
5536,5112
5537,5113
5538,5114
5541,5117
5542,5118
5543,5118
5544,5119
5545,5120
5546,5121
5548,5123
5549,5124
5551,5126
5552,5126
5553,5127
5554,5128
5555,5129
5556,5130
5557,5131
5558,5132
5559,5133
5560,5134
5561,5135
5562,5136
5563,5137
5564,5138
5565,5139
5566,5140
5567,5141
5568,5142
5569,5143
5570,5144
5571,5145
5572,5146
5573,5147
5574,5147
5575,5148
5576,5149
5579,5152
5580,5153
5581,5154
5582,5155
5584,5157
5585,5158
5586,5159
5587,5160
5588,5161
5589,5161
5590,5162
5591,5163
5593,5165
5594,5166
5597,5169
5598,5170
5599,5171
5600,5172
5601,5173
5602,5174
5603,5175
5605,5177
5606,5178
5607,5179
5608,5180
5610,5182
5611,5183
5612,5184
5613,5185
5614,5186
5615,5186
5617,5188
5618,5189
5619,5190
5620,5191
5621,5192
5622,5193
5623,5194
5624,5195
5625,5196
5627,5198
5628,5198
5629,5199
5630,5200
5631,5201
5632,5202
5633,5203
5634,5204
5636,5206
5637,5207
5638,5208
5639,5209
5640,5210
5641,5211
5642,5212
5645,5215
5647,5217
5648,5218
5649,5219
5650,5220
5651,5221
5652,5222
5653,5223
5654,5224
5655,5225
5656,5226
5659,5229
5660,5230
5661,5230
5662,5231
5663,5232
5664,5233
5665,5234
5666,5235
5667,5236
5668,5237
5669,5238
5671,5240
5672,5241
5673,5242
5674,5243
5675,5244
5676,5245
5677,5246
5678,5247
5679,5248
5680,5249
5681,5250
5682,5251
5684,5253
5685,5254
5686,5255
5688,5257
5689,5258
5690,5259
5692,5261
5693,5262
5697,5266
5698,5267
5699,5268
5700,5269
5701,5270
5703,5272
5704,5272
5705,5272
5706,5273
5707,5274
5708,5275
5709,5276
5711,5278
5712,5279
5713,5280
5714,5281
5715,5282
5716,5283
5718,5285
5719,5286
5720,5287
5722,5289
5723,5290
5724,5291
5726,5293
5728,5295
5729,5296
5730,5296
5731,5297
5732,5298
5733,5299
5734,5299
5735,5300
5736,5301
5737,5302
5738,5303
5739,5304
5740,5305
5741,5306
5742,5307
5743,5308
5744,5309
5746,5311
5747,5312
5748,5313
5749,5313
5750,5313
5751,5314
5753,5316
5754,5317
5755,5318
5756,5319
5757,5320
5758,5321
5759,5322
5760,5323
5761,5324
5762,5324
5763,5325
5764,5326
5765,5327
5766,5328
5767,5328
5768,5329
5770,5331
5771,5332
5772,5333
5773,5333
5774,5334
5775,5335
5776,5336
5777,5337
5778,5338
5779,5339
5780,5340
5781,5341
5782,5342
5783,5343
5784,5344
5785,5345
5786,5346
5789,5349
5790,5350
5791,5351
5792,5351
5793,5352
5794,5353
5795,5354
5796,5355
5797,5356
5798,5357
5799,5357
5800,5358
5802,5360
5803,5361
5804,5362
5805,5363
5806,5364
5807,5365
5808,5366
5809,5367
5811,5369
5812,5370
5814,5372
5816,5374
5818,5376
5819,5377
5820,5378
5821,5379
5822,5379
5823,5380
5825,5382
5826,5383
5827,5384
5828,5385
5829,5386
5830,5387
5831,5388
5832,5389
5833,5390
5834,5391
5835,5392
5836,5393
5837,5394
5838,5395
5839,5396
5841,5398
5842,5398
5843,5399
5844,5399
5845,5400
5846,5401
5847,5402
5848,5403
5849,5404
5850,5405
5851,5406
5852,5407
5853,5408
5854,5409
5855,5410
5856,5411
5857,5412
5858,5413
5860,5415
5861,5416
5864,5419
5865,5420
5866,5421
5868,5423
5869,5424
5872,5427
5875,5430
5876,5431
5877,5432
5878,5433
5879,5434
5880,5435
5881,5436
5882,5437
5883,5438
5884,5439
5885,5440
5888,5443
5889,5443
5891,5445
5892,5446
5893,5447
5896,5450
5897,5451
5898,5452
5899,5453
5900,5454
5901,5455
5902,5455
5903,5456
5904,5457
5905,5458
5906,5459
5907,5460
5908,5461
5909,5462
5910,5463
5912,5465
5913,5466
5914,5467
5915,5468
5916,5469
5917,5470
5918,5471
5919,5471
5920,5472
5921,5473
5922,5474
5924,5476
5925,5477
5926,5478
5927,5479
5929,5481
5930,5482
5931,5483
5932,5482
5934,5485
5935,5486
5936,5487
5937,5488
5938,5489
5940,5491
5941,5492
5944,5495
5945,5496
5946,5497
5947,5497
5949,5499
5950,5500
5951,5501
5952,5501
5953,5502
5954,5503
5955,5504
5956,5505
5957,5506
5958,5507
5961,5510
5962,5511
5963,5511
5964,5512
5965,5513
5966,5514
5967,5514
5968,5514
5969,5514
5970,5515
5971,5515
5972,5516
5973,5517
5974,5518
5975,5519
5976,5520
5977,5521
5978,5522
5979,5523
5980,5523
5981,5524
5982,5525
5983,5526
5984,5527
5985,5528
5986,5529
5987,5530
5988,5531
5990,5533
5991,5534
5992,5535
5993,5536
5994,5537
5995,5538
5996,5539
5997,5540
5998,5541
5999,5542
6000,5543
6001,5544
6002,5545
6003,5546
6004,5547
6005,5548
6006,5549
6007,5550
6008,5551
6009,5551
6010,5552
6012,5554
6014,5556
6015,5557
6016,5558
6017,5559
6018,5560
6019,5561
6020,5562
6021,5563
6022,5564
6023,5565
6024,5566
6025,5567
6026,5568
6027,5568
6028,5569
6029,5570
6030,5571
6031,5572
6032,5573
6033,5574
6034,5575
6035,5575
6036,5576
6037,5577
6038,5578
6039,5579
6040,5580
6041,5581
6044,5584
6045,5585
6046,5586
6047,5587
6048,5587
6049,5588
6050,5588
6051,5589
6052,5590
6053,5591
6054,5592
6055,5593
6057,5595
6058,5596
6059,5597
6060,5598
6064,5602
6065,5603
6066,5604
6067,5605
6068,5606
6070,5608
6071,5609
6072,5610
6073,5611
6074,5612
6075,5613
6076,5614
6077,5615
6079,5617
6080,5618
6081,5619
6082,5620
6083,5621
6084,5622
6085,5623
6087,5625
6088,5626
6090,5628
6091,5629
6092,5630
6093,5631
6094,5632
6095,5633
6096,5634
6097,5635
6099,5637
6100,5637
6101,5638
6103,5640
6104,5641
6105,5642
6106,5643
6107,5644
6108,5645
6109,5646
6111,5648
6112,5649
6113,5650
6114,5651
6116,5653
6121,5658
6122,5659
6123,5659
6124,5660
6125,5661
6126,5662
6127,5662
6128,5663
6129,5664
6131,5666
6132,5666
6133,5667
6134,5668
6135,5669
6136,5670
6137,5671
6138,5672
6140,5674
6141,5675
6142,5676
6143,5677
6144,5678
6145,5679
6146,5680
6147,5681
6148,5682
6149,5683
6150,5683
6151,5684
6153,5686
6154,5687
6155,5688
6156,5689
6157,5690
6158,5691
6159,5692
6160,5693
6161,5694
6162,5695
6163,5696
6164,5697
6165,5698
6166,5699
6167,5699
6168,5700
6169,5701
6170,5702
6171,5703
6173,5705
6174,5706
6175,5707
6176,5707
6177,5708
6178,5709
6179,5710
6180,5711
6181,5712
6182,5713
6183,5714
6184,5715
6185,5716
6186,5717
6187,5718
6188,5719
6189,5719
6190,5720
6191,5721
6192,5722
6193,5723
6195,5725
6196,5726
6197,5727
6199,5729
6200,5729
6201,5730
6202,5731
6203,5732
6204,5733
6205,5734
6206,5734
6208,5736
6209,5737
6211,5739
6212,5740
6213,5741
6214,5741
6215,5742
6216,5743
6217,5744
6218,5745
6219,5746
6220,5747
6221,5748
6222,5749
6223,5750
6224,5751
6226,5753
6228,5755
6229,5756
6230,5757
6231,5758
6232,5759
6233,5760
6234,5761
6235,5762
6236,5763
6237,5764
6239,5766
6241,5768
6242,5768
6243,5769
6244,5770
6246,5772
6247,5773
6248,5774
6249,5775
6250,5776
6251,5777
6252,5777
6254,5779
6255,5780
6258,5783
6259,5784
6261,5786
6262,5787
6263,5788
6264,5789
6265,5790
6266,5791
6267,5792
6270,5795
6272,5797
6273,5798
6274,5799
6275,5800
6276,5801
6277,5802
6280,5804
6281,5805
6282,5806
6285,5809
6286,5810
6287,5811
6288,5812
6289,5813
6290,5814
6291,5815
6292,5816
6294,5818
6295,5818
6296,5819
6297,5820
6298,5821
6299,5821
6300,5822
6301,5823
6302,5824
6303,5825
6304,5826
6305,5827
6306,5828
6307,5829
6308,5830
6309,5831
6310,5832
6311,5833
6312,5834
6313,5835
6314,5836
6315,5837
6316,5838
6317,5838
6318,5839
6320,5841
6321,5841
6322,5842
6323,5843
6324,5843
6325,5844
6327,5846
6328,5847
6329,5848
6331,5850
6332,5851
6333,5852
6335,5854
6336,5855
6340,5859
6341,5860
6342,5861
6346,5865
6347,5866
6348,5867
6349,5868
6350,5869
6351,5870
6352,5871
6353,5872
6354,5873
6355,5874
6356,5875
6358,5877
6359,5878
6360,5879
6361,5879
6362,5880
6363,5881
6364,5882
6365,5883
6366,5884
6367,5885
6368,5886
6369,5886
6370,5887
6371,5888
6374,5891
6376,5893
6377,5894
6378,5895
6379,5896
6380,5897
6381,5898
6382,5899
6383,5900
6384,5901
6385,5902
6386,5903
6387,5904
6388,5905
6389,5906
6390,5907
6391,5908
6392,5908
6394,5910
6396,5912
6399,5915
6400,5915
6401,5916
6402,5917
6403,5918
6404,5919
6405,5919
6406,5920
6407,5921
6408,5922
6409,5923
6410,5924
6411,5925
6412,5926
6413,5927
6414,5928
6416,5930
6417,5931
6418,5932
6419,5933
6420,5934
6421,5935
6422,5935
6423,5936
6425,5938
6426,5939
6427,5940
6428,5941
6430,5943
6431,5944
6432,5945
6433,5946
6434,5947
6435,5948
6436,5949
6437,5950
6438,5950
6440,5952
6441,5953
6442,5954
6443,5955
6444,5956
6445,5957
6447,5959
6448,5960
6449,5961
6450,5962
6451,5963
6452,5964
6453,5965
6454,5966
6455,5967
6456,5968
6457,5969
6458,5970
6459,5971
6460,5972
6462,5974
6463,5975
6465,5977
6466,5978
6467,5979
6468,5980
6469,5981
6470,5982
6471,5983
6472,5984
6473,5985
6474,5986
6475,5987
6476,5988
6477,5989
6479,5991
6481,5993
6482,5994
6483,5995
6484,5996
6485,5996
6486,5997
6487,5998
6488,5999
6489,6000
6490,6001
6491,6002
6492,6003
6493,6004
6494,6005
6495,6006
6496,6007
6497,6008
6498,6008
6499,6008
6500,6008
6501,6009
6502,6010
6503,6011
6504,6011
6505,6012
6506,6013
6507,6014
6508,6015
6509,6016
6510,6017
6511,6018
6512,6019
6513,6020
6515,6022
6516,6023
6517,6024
6518,6025
6519,6026
6520,6027
6521,6028
6522,6029
6523,6030
6524,6031
6526,6033
6527,6034
6528,6035
6529,6035
6530,6036
6531,6037
6532,6038
6533,6039
6534,6040
6535,6040
6537,6042
6538,6042
6539,6043
6540,6044
6541,6045
6542,6046
6543,6047
6544,6048
6546,6050
6548,6052
6549,6053
6550,6054
6551,6055
6552,6056
6554,6058
6555,6059
6557,6061
6558,6062
6559,6063
6560,6064
6561,6065
6562,6066
6563,6067
6564,6068
6565,6069
6566,6070
6567,6071
6568,6072
6570,6074
6571,6075
6573,6077
6574,6077
6575,6078
6576,6079
6577,6080
6578,6081
6580,6081
6581,6083
6582,6084
6583,6085
6584,6086
6585,6087
6586,6088
6587,6089
6588,6090
6589,6091
6590,6092
6591,6092
6592,6093
6593,6094
6594,6095
6596,6097
6597,6098
6598,6099
6599,6100
6600,6101
6601,6102
6602,6103
6603,6104
6604,6105
6606,6107
6607,6108
6608,6109
6609,6110
6610,6111
6611,6111
6612,6112
6613,6113
6614,6114
6615,6115
6616,6116
6617,6117
6618,6118
6619,6118
6620,6119
6621,6120
6622,6121
6623,6122
6624,6123
6625,6124
6626,6125
6627,6126
6628,6127
6629,6128
6630,6129
6631,6130
6633,6132
6634,6133
6635,6134
6638,6137
6639,6137
6640,6138
6641,6138
6642,6139
6643,6140
6644,6141
6645,6142
6646,6143
6648,6145
6650,6147
6651,6148
6652,6149
6655,6152
6656,6153
6657,6154
6658,6155
6660,6157
6661,6158
6662,6159
6663,6160
6664,6160
6666,6162
6667,6163
6668,6164
6669,6165
6670,6166
6671,6167
6672,6168
6673,6169
6674,6170
6675,6171
6676,6172
6677,6173
6679,6175
6680,6176
6681,6176
6682,6177
6684,6179
6685,6179
6686,6180
6687,6181
6688,6182
6689,6183
6690,6184
6691,6185
6692,6186
6693,6187
6694,6188
6695,6188
6696,6189
6697,6189
6698,6190
6699,6191
6700,6192
6701,6192
6702,6192
6703,6193
6704,6194
6705,6195
6706,6196
6707,6197
6708,6198
6709,6199
6710,6200
6711,6201
6712,6201
6713,6202
6715,6204
6716,6205
6717,6206
6718,6207
6720,6209
6721,6210
6722,6211
6723,6212
6724,6213
6725,6213
6727,6215
6728,6216
6729,6217
6730,6218
6731,6219
6733,6221
6735,6223
6736,6224
6737,6225
6738,6226
6739,6227
6740,6228
6741,6229
6742,6230
6743,6231
6744,6232
6745,6233
6746,6233
6747,6234
6748,6235
6749,6236
6750,6237
6751,6238
6753,6240
6755,6242
6756,6243
6757,6243
6760,6245
6762,6247
6764,6249
6765,6250
6766,6251
6767,6252
6768,6253
6769,6253
6771,6255
6772,6256
6773,6257
6774,6258
6776,6260
6777,6261
6779,6263
6780,6264
6781,6265
6782,6266
6783,6267
6784,6268
6786,6270
6787,6271
6789,6273
6791,6275
6792,6276
6794,6278
6795,6278
6796,6279
6800,6283
6801,6284
6802,6285
6803,6286
6804,6287
6805,6288
6806,6289
6807,6290
6808,6291
6809,6291
6810,6291
6813,6294
6814,6295
6815,6296
6816,6297
6817,6298
6818,6299
6819,6300
6820,6301
6821,6302
6822,6303
6825,6306
6826,6307
6828,6309
6829,6310
6830,6311
6832,6313
6833,6314
6834,6315
6835,6315
6836,6316
6837,6317
6838,6318
6839,6319
6840,6320
6841,6321
6842,6322
6843,6323
6844,6324
6846,6326
6847,6327
6848,6328
6849,6329
6850,6330
6851,6331
6852,6332
6853,6333
6854,6334
6855,6335
6856,6336
6857,6337
6858,6338
6860,6340
6861,6341
6862,6341
6864,6343
6868,6347
6869,6348
6870,6349
6874,6353
6875,6354
6876,6355
6877,6356
6878,6357
6879,6358
6880,6359
6881,6360
6882,6361
6884,6363
6886,6365
6887,6365
6888,6366
6889,6367
6890,6368
6892,6370
6893,6371
6894,6372
6895,6373
6898,6376
6901,6379
6902,6380
6903,6381
6904,6382
6905,6383
6906,6384
6908,6386
6909,6387
6910,6388
6911,6389
6912,6390
6913,6391
6914,6392
6915,6393
6916,6394
6917,6395
6918,6396
6919,6397
6920,6398
6921,6398
6922,6398
6923,6398
6924,6399
6925,6400
6927,6402
6928,6403
6929,6404
6931,6406
6934,6409
6935,6410
6936,6411
6937,6412
6938,6413
6940,6415
6941,6416
6942,6417
6943,6418
6944,6419
6945,6420
6947,6422
6948,6423
6949,6424
6950,6425
6951,6426
6952,6427
6953,6428
6954,6429
6955,6430
6956,6431
6957,6432
6958,6433
6959,6434
6960,6435
6962,6437
6963,6438
6965,6440
6966,6441
6968,6443
6969,6444
6970,6445
6971,6446
6972,6447
6973,6448
6974,6448
6977,6451
6978,6452
6979,6453
6980,6454
6981,6455
6982,6456
6983,6457
6984,6458
6985,6459
6986,6460
6987,6461
6988,6462
6989,6463
6990,6464
6991,6465
6992,6466
6994,6468
6995,6469
6996,6470
6998,6472
6999,6472
7000,6473
7001,6473
7002,6474
7003,6475
7004,6475
7005,6476
7006,6477
7007,6478
7008,6479
7009,6480
7011,6482
7012,6483
7013,6484
7014,6485
7015,6486
7016,6487
7017,6488
7018,6489
7019,6490
7020,6491
7021,6492
7022,6493
7024,6495
7025,6496
7026,6497
7027,6497
7028,6498
7029,6498
7030,6499
7031,6500
7032,6501
7033,6502
7035,6504
7037,6506
7038,6507
7039,6508
7040,6509
7041,6510
7042,6511
7043,6512
7044,6513
7045,6514
7046,6515
7047,6516
7048,6517
7050,6519
7051,6520
7052,6521
7053,6522
7054,6522
7055,6523
7056,6524
7058,6526
7059,6527
7061,6529
7062,6530
7064,6532
7065,6533
7066,6533
7067,6534
7069,6536
7070,6537
7071,6538
7073,6540
7074,6541
7075,6542
7076,6543
7077,6544
7078,6545
7079,6545
7080,6546
7081,6547
7082,6548
7083,6549
7085,6551
7086,6552
7088,6554
7089,6555
7090,6556
7091,6557
7092,6557
7093,6558
7095,6560
7096,6561
7097,6562
7098,6563
7100,6565
7101,6566
7102,6567
7103,6568
7105,6570
7106,6571
7107,6572
7108,6573
7109,6574
7110,6575
7111,6576
7112,6577
7113,6578
7114,6579
7115,6580
7116,6581
7117,6582
7118,6583
7120,6585
7121,6586
7122,6587
7123,6588
7124,6589
7125,6588
7126,6590
7127,6591
7128,6592
7129,6593
7131,6595
7132,6596
7133,6597
7134,6598
7135,6599
7137,6601
7138,6602
7139,6603
7140,6604
7141,6605
7143,6607
7144,6608
7145,6609
7146,6610
7147,6611
7148,6612
7149,6613
7150,6614
7151,6615
7152,6616
7153,6617
7154,6618
7156,6620
7157,6621
7158,6622
7159,6623
7160,6624
7161,6624
7162,6625
7163,6626
7164,6627
7165,6628
7167,6630
7168,6631
7169,6632
7170,6633
7171,6634
7172,6635
7173,6635
7174,6636
7175,6637
7176,6637
7177,6637
7180,6640
7183,6643
7184,6644
7185,6645
7187,6647
7188,6648
7189,6649
7191,6651
7192,6652
7193,6653
7195,6655
7196,6655
7197,6656
7198,6656
7199,6657
7200,6658
7201,6659
7202,6660
7203,6661
7204,6662
7205,6663
7206,6664
7207,6665
7209,6667
7211,6669
7212,6670
7213,6671
7214,6672
7216,6674
7217,6675
7218,6676
7219,6677
7220,6677
7221,6678
7222,6679
7223,6680
7224,6681
7226,6683
7227,6684
7229,6686
7230,6687
7231,6688
7233,6690
7234,6691
7236,6693
7237,6694
7239,6696
7240,6697
7241,6698
7242,6699
7243,6700
7244,6701
7245,6702
7246,6703
7247,6704
7248,6705
7250,6707
7251,6708
7252,6709
7253,6710
7254,6710
7255,6711
7256,6712
7257,6713
7258,6714
7259,6715
7260,6716
7262,6718
7263,6719
7265,6721
7267,6723
7268,6724
7269,6725
7270,6726
7272,6728
7274,6730
7275,6731
7276,6732
7277,6732
7278,6733
7279,6734
7280,6735
7281,6736
7282,6737
7283,6738
7284,6738
7285,6739
7286,6740
7287,6741
7290,6744
7291,6745
7292,6746
7293,6747
7294,6748
7295,6749
7296,6750
7298,6752
7299,6753
7300,6754
7301,6755
7302,6756
7303,6757
7304,6758
7306,6760
7307,6761
7308,6762
7310,6764
7312,6766
7313,6767
7314,6768
7315,6769
7316,6770
7317,6771
7318,6772
7320,6774
7323,6777
7324,6778
7325,6779
7326,6780
7327,6781
7328,6782
7329,6782
7330,6783
7331,6784
7332,6785
7333,6785
7334,6786
7335,6787
7336,6788
7338,6790
7340,6792
7341,6792
7342,6792
7343,6793
7344,6794
7345,6795
7346,6796
7347,6797
7348,6798
7349,6799
7351,6801
7352,6802
7353,6803
7354,6804
7355,6805
7356,6806
7358,6808
7361,6811
7362,6812
7363,6813
7364,6814
7365,6815
7366,6815
7367,6816
7369,6818
7370,6819
7371,6820
7372,6821
7373,6822
7374,6823
7375,6824
7376,6825
7377,6825
7378,6826
7379,6827
7380,6828
7381,6828
7382,6829
7384,6831
7385,6832
7386,6833
7387,6834
7388,6835
7389,6835
7390,6836
7391,6837
7392,6838
7394,6840
7395,6841
7396,6842
7397,6843
7398,6844
7400,6846
7401,6847
7402,6848
7403,6849
7404,6850
7405,6851
7406,6852
7407,6853
7408,6854
7409,6855
7410,6856
7411,6857
7412,6858
7413,6859
7414,6860
7415,6861
7416,6862
7417,6863
7418,6864
7419,6864
7420,6864
7421,6865
7422,6866
7423,6867
7424,6868
7425,6869
7426,6870
7427,6871
7428,6872
7429,6872
7430,6873
7431,6874
7433,6876
7434,6877
7435,6878
7436,6879
7437,6880
7438,6881
7439,6882
7441,6884
7442,6885
7443,6886
7444,6887
7445,6888
7447,6890
7448,6891
7449,6892
7450,6893
7451,6893
7452,6893
7453,6893
7454,6893
7455,6894
7457,6896
7458,6897
7459,6898
7460,6899
7461,6900
7463,6902
7464,6903
7465,6904
7466,6905
7467,6906
7468,6907
7469,6908
7470,6908
7471,6909
7472,6910
7473,6911
7474,6912
7475,6913
7476,6914
7477,6915
7478,6916
7479,6917
7480,6918
7481,6919
7482,6920
7484,6922
7485,6923
7486,6924
7487,6925
7488,6926
7489,6927
7490,6928
7491,6929
7492,6930
7493,6931
7494,6932
7495,6933
7496,6934
7497,6934
7498,6934
7500,6936
7501,6936
7502,6937
7504,6939
7505,6940
7507,6942
7508,6943
7509,6944
7510,6944
7511,6944
7512,6945
7513,6946
7514,6947
7515,6947
7517,6949
7518,6950
7519,6951
7520,6952
7522,6954
7523,6955
7524,6956
7526,6958
7527,6959
7530,6962
7531,6963
7532,6964
7533,6965
7534,6965
7535,6966
7536,6967
7537,6968
7538,6969
7539,6969
7540,6970
7541,6971
7542,6972
7545,6974
7546,6974
7547,6975
7548,6976
7549,6977
7550,6978
7551,6979
7552,6980
7553,6981
7554,6982
7555,6983
7556,6984
7558,6986
7559,6986
7560,6987
7561,6988
7562,6989
7563,6990
7564,6991
7565,6992
7566,6993
7567,6994
7568,6995
7569,6996
7570,6997
7572,6999
7573,7000
7574,7001
7575,7002
7576,7003
7578,7005
7580,7007
7582,7009
7584,7011
7585,7012
7586,7013
7587,7014
7588,7015
7589,7016
7590,7017
7591,7018
7592,7018
7593,7019
7594,7020
7595,7021
7596,7022
7598,7024
7599,7025
7600,7026
7601,7027
7602,7028
7603,7029
7604,7030
7605,7031
7606,7032
7607,7033
7608,7034
7609,7035
7611,7037
7612,7038
7613,7039
7614,7040
7615,7041
7616,7042
7618,7044
7619,7045
7620,7045
7623,7048
7624,7049
7625,7050
7626,7051
7627,7052
7628,7053
7630,7055
7632,7057
7633,7057
7634,7058
7635,7059
7636,7060
7637,7061
7638,7062
7639,7063
7640,7064
7641,7065
7642,7066
7643,7066
7645,7068
7646,7069
7647,7070
7648,7071
7649,7072
7650,7073
7651,7074
7654,7077
7655,7078
7656,7079
7657,7080
7658,7081
7659,7082
7660,7083
7661,7084
7662,7085
7663,7086
7664,7087
7665,7088
7666,7089
7667,7090
7668,7091
7670,7093
7671,7094
7672,7095
7673,7095
7676,7098
7677,7099
7678,7100
7680,7102
7681,7103
7682,7104
7683,7105
7684,7106
7685,7107
7686,7108
7687,7109
7688,7110
7690,7112
7693,7115
7694,7116
7695,7117
7696,7118
7697,7119
7698,7120
7699,7120
7701,7122
7702,7123
7703,7124
7704,7125
7705,7126
7706,7127
7708,7129
7709,7129
7710,7130
7711,7131
7712,7131
7713,7131
7714,7132
7715,7133
7716,7133
7718,7135
7719,7136
7720,7137
7721,7138
7722,7139
7723,7140
7724,7141
7726,7143
7727,7144
7728,7145
7729,7146
7731,7148
7732,7149
7733,7150
7734,7151
7735,7152
7736,7153
7737,7154
7738,7154
7739,7155
7740,7156
7741,7157
7742,7158
7743,7159
7745,7161
7746,7162
7749,7165
7750,7166
7751,7167
7752,7168
7753,7168
7754,7169
7755,7170
7756,7171
7757,7172
7758,7173
7759,7174
7761,7176
7762,7177
7763,7178
7764,7179
7765,7180
7766,7180
7767,7181
7768,7182
7769,7183
7770,7184
7771,7185
7772,7186
7773,7187
7774,7188
7775,7188
7776,7189
7777,7190
7778,7191
7779,7192
7780,7193
7781,7194
7782,7195
7783,7195
7784,7196
7785,7197
7786,7198
7787,7199
7788,7200
7791,7203
7792,7204
7793,7205
7794,7206
7795,7207
7796,7208
7798,7210
7800,7212
7801,7213
7802,7213
7803,7214
7804,7215
7805,7216
7806,7217
7807,7218
7808,7219
7809,7220
7810,7221
7811,7222
7812,7223
7813,7224
7815,7226
7816,7227
7817,7228
7818,7229
7819,7229
7820,7230
7821,7231
7822,7232
7823,7233
7824,7234
7825,7235
7826,7236
7827,7237
7828,7237
7829,7238
7830,7239
7831,7240
7832,7241
7833,7241
7834,7241
7835,7242
7838,7245
7839,7246
7840,7247
7841,7248
7842,7249
7843,7250
7844,7251
7845,7252
7846,7253
7848,7255
7849,7256
7850,7257
7851,7258
7852,7259
7853,7260
7854,7261
7855,7262
7856,7263
7858,7265
7859,7266
7860,7267
7861,7268
7862,7269
7863,7270
7864,7271
7867,7274
7868,7274
7869,7275
7870,7276
7871,7277
7872,7278
7873,7279
7874,7280
7875,7281
7876,7282
7877,7283
7878,7284
7879,7285
7880,7286
7881,7287
7882,7287
7883,7288
7884,7289
7886,7291
7887,7292
7889,7294
7890,7295
7892,7297
7893,7298
7894,7299
7896,7301
7897,7302
7898,7303
7899,7304
7900,7305
7901,7306
7902,7307
7903,7308
7904,7309
7905,7310
7906,7311
7907,7312
7908,7313
7909,7314
7910,7315
7911,7316
7913,7318
7914,7319
7915,7320
7916,7321
7917,7322
7918,7322
7919,7323
7920,7323
7922,7325
7923,7326
7924,7327
7926,7329
7927,7330
7928,7331
7929,7332
7930,7333
7931,7334
7932,7335
7933,7336
7934,7337
7935,7338
7936,7338
7937,7339
7938,7340
7939,7341
7940,7342
7941,7343
7942,7344
7943,7345
7944,7346
7945,7347
7946,7347
7947,7348
7948,7349
7949,7350
7951,7352
7952,7353
7953,7353
7954,7354
7955,7355
7956,7356
7958,7358
7959,7359
7960,7360
7961,7361
7963,7363
7964,7364
7965,7365
7966,7366
7967,7367
7968,7368
7971,7371
7972,7372
7973,7373
7974,7374
7975,7375
7978,7378
7981,7381
7982,7382
7983,7382
7984,7382
7986,7384
7987,7384
7988,7385
7989,7386
7991,7388
7992,7388
7993,7389
7994,7390
7995,7390
7996,7391
7997,7392
8000,7395
8001,7396
8003,7398
8004,7398
8005,7399
8007,7401
8008,7402
8009,7403
8011,7405
8012,7406
8013,7407
8014,7408
8015,7409
8016,7410
8017,7411
8020,7414
8021,7415
8022,7415
8023,7415
8024,7416
8025,7417
8026,7418
8027,7419
8028,7420
8030,7422
8031,7423
8032,7424
8033,7425
8034,7426
8035,7427
8037,7429
8038,7430
8039,7431
8040,7431
8041,7432
8042,7433
8043,7434
8044,7435
8045,7436
8046,7437
8047,7437
8048,7438
8050,7440
8051,7441
8052,7442
8053,7443
8054,7444
8055,7445
8056,7445
8057,7446
8058,7447
8059,7448
8060,7449
8061,7450
8062,7450
8063,7451
8064,7452
8065,7453
8066,7454
8067,7455
8068,7456
8069,7457
8070,7458
8072,7460
8073,7460
8074,7460
8075,7461
8080,7466
8082,7468
8083,7469
8084,7470
8086,7472
8087,7473
8088,7474
8090,7476
8092,7477
8094,7479
8095,7480
8096,7481
8097,7482
8098,7483
8099,7484
8100,7485
8101,7486
8102,7487
8103,7488
8105,7490
8107,7492
8108,7493
8109,7494
8110,7494
8111,7494
8112,7495
8113,7496
8114,7497
8115,7498
8116,7499
8117,7500
8120,7503
8121,7504
8123,7506
8124,7507
8125,7507
8126,7508
8127,7509
8128,7510
8129,7511
8130,7512
8131,7513
8132,7514
8134,7516
8135,7517
8138,7520
8140,7522
8141,7523
8142,7523
8143,7524
8144,7525
8145,7525
8146,7526
8147,7527
8148,7527
8149,7528
8151,7530
8152,7531
8153,7531
8154,7532
8155,7533
8156,7534
8157,7535
8158,7536
8159,7537
8160,7538
8161,7539
8162,7540
8163,7541
8164,7542
8165,7543
8166,7544
8167,7545
8168,7546
8169,7547
8170,7548
8171,7549
8172,7550
8173,7551
8175,7553
8177,7555
8178,7556
8179,7557
8181,7559
8182,7560
8183,7561
8184,7562
8185,7563
8186,7564
8188,7566
8189,7567
8190,7568
8191,7569
8192,7570
8193,7571
8195,7573
8196,7574
8197,7575
8198,7576
8199,7577
8201,7579
8202,7580
8204,7582
8205,7583
8206,7584
8207,7584
8208,7584
8209,7585
8210,7586
8211,7586
8212,7587
8213,7588
8214,7589
8215,7590
8216,7591
8217,7592
8218,7593
8219,7594
8220,7595
8221,7596
8222,7597
8223,7598
8224,7599
8225,7600
8228,7603
8229,7603
8230,7604
8231,7605
8232,7606
8233,7607
8234,7608
8235,7609
8236,7610
8237,7611
8238,7612
8239,7613
8240,7614
8241,7615
8242,7615
8243,7616
8244,7617
8245,7618
8246,7619
8247,7620
8248,7621
8249,7622
8250,7623
8252,7625
8253,7626
8254,7627
8255,7628
8256,7629
8257,7630
8258,7631
8259,7632
8260,7633
8261,7633
8262,7634
8263,7635
8264,7636
8265,7637
8267,7639
8268,7640
8269,7641
8270,7642
8271,7643
8272,7644
8273,7644
8274,7645
8275,7646
8277,7648
8278,7649
8279,7650
8280,7651
8281,7652
8282,7653
8284,7655
8285,7655
8286,7656
8287,7657
8288,7658
8289,7659
8290,7660
8291,7661
8292,7662
8293,7662
8294,7663
8295,7664
8296,7665
8297,7666
8298,7667
8299,7668
8300,7669
8301,7670
8303,7672
8304,7673
8305,7674
8306,7675
8307,7676
8308,7677
8309,7678
8310,7679
8311,7680
8312,7681
8313,7682
8314,7683
8315,7684
8316,7685
8317,7686
8318,7687
8320,7689
8321,7690
8322,7691
8323,7692
8325,7694
8326,7695
8327,7696
8328,7697
8329,7698
8330,7699
8331,7699
8332,7700
8333,7701
8334,7702
8337,7705
8338,7706
8339,7707
8340,7708
8341,7709
8342,7710
8343,7711
8344,7712
8345,7713
8346,7714
8347,7715
8348,7716
8349,7717
8350,7718
8351,7719
8352,7720
8353,7721
8354,7722
8355,7723
8356,7724
8357,7725
8358,7726
8359,7726
8360,7727
8362,7729
8364,7731
8365,7732
8366,7733
8368,7735
8369,7736
8370,7737
8371,7738
8373,7740
8374,7741
8375,7742
8376,7743
8377,7744
8378,7745
8379,7746
8380,7747
8381,7748
8383,7750
8385,7752
8386,7753
8387,7754
8388,7755
8389,7756
8390,7757
8391,7758
8392,7759
8394,7761
8395,7762
8396,7763
8397,7764
8398,7765
8399,7766
8400,7767
8401,7768
8402,7769
8403,7770
8406,7772
8407,7772
8408,7773
8409,7774
8410,7775
8411,7776
8412,7777
8413,7778
8414,7779
8415,7780
8416,7781
8417,7782
8418,7783
8419,7784
8420,7785
8423,7788
8424,7789
8425,7790
8426,7791
8427,7792
8428,7793
8429,7794
8430,7795
8431,7796
8432,7797
8433,7798
8434,7799
8435,7800
8436,7801
8437,7802
8438,7803
8439,7804
8440,7805
8441,7806
8442,7807
8443,7808
8444,7809
8445,7810
8446,7811
8447,7812
8448,7813
8449,7814
8450,7815
8451,7816
8452,7816
8453,7817
8454,7818
8455,7819
8456,7820
8457,7821
8458,7822
8459,7823
8460,7824
8461,7825
8462,7826
8463,7827
8464,7828
8465,7829
8469,7833
8470,7834
8472,7836
8473,7837
8474,7838
8475,7838
8476,7839
8477,7840
8478,7841
8479,7842
8480,7843
8481,7844
8482,7845
8483,7846
8484,7847
8485,7848
8486,7849
8487,7850
8488,7850
8489,7851
8490,7852
8493,7855
8494,7856
8495,7856
8496,7857
8497,7858
8498,7859
8499,7860
8501,7862
8502,7863
8504,7865
8505,7866
8506,7867
8507,7868
8508,7869
8510,7871
8513,7874
8514,7874
8515,7875
8516,7876
8517,7877
8518,7878
8519,7879
8520,7880
8521,7881
8522,7882
8523,7883
8525,7885
8526,7886
8527,7887
8528,7888
8529,7888
8530,7888
8531,7889
8532,7889
8533,7890
8534,7891
8535,7892
8537,7894
8538,7895
8539,7896
8540,7897
8541,7898
8542,7899
8543,7900
8544,7900
8545,7901
8546,7902
8547,7903
8548,7903
8549,7904
8550,7905
8551,7906
8552,7906
8553,7907
8554,7908
8555,7909
8557,7911
8558,7912
8559,7913
8560,7914
8561,7915
8564,7918
8565,7919
8566,7920
8567,7921
8568,7922
8569,7923
8571,7925
8572,7926
8573,7927
8574,7928
8575,7929
8577,7931
8578,7931
8579,7932
8581,7934
8582,7935
8583,7936
8584,7937
8586,7939
8587,7940
8588,7941
8589,7942
8590,7943
8592,7945
8593,7946
8595,7948
8597,7950
8598,7951
8599,7952
8600,7953
8601,7954
8602,7955
8603,7956
8604,7957
8606,7959
8607,7960
8608,7961
8610,7963
8611,7964
8612,7965
8613,7965
8614,7965
8615,7965
8617,7967
8618,7968
8619,7968
8620,7969
8621,7970
8622,7971
8623,7972
8624,7973
8626,7975
8627,7976
8628,7977
8629,7978
8630,7979
8631,7980
8632,7980
8633,7981
8634,7982
8635,7983
8636,7984
8637,7985
8639,7987
8641,7989
8642,7990
8643,7991
8644,7992
8645,7993
8647,7995
8648,7996
8650,7998
8651,7999
8653,8001
8655,8003
8656,8004
8657,8005
8658,8006
8659,8006
8660,8007
8661,8008
8663,8010
8664,8011
8665,8012
8666,8012
8667,8013
8668,8014
8670,8016
8671,8017
8672,8018
8673,8019
8674,8019
8675,8019
8676,8020
8677,8020
8678,8021
8679,8022
8680,8023
8681,8024
8682,8025
8683,8026
8684,8026
8685,8027
8686,8028
8687,8029
8688,8030
8689,8030
8691,8032
8692,8033
8693,8034
8694,8035
8695,8036
8696,8037
8697,8038
8698,8039
8699,8040
8700,8040
8701,8041
8702,8042
8703,8043
8704,8044
8705,8045
8706,8046
8708,8048
8709,8049
8710,8050
8711,8051
8712,8052
8713,8053
8714,8054
8715,8055
8716,8056
8718,8058
8719,8059
8720,8060
8721,8061
8722,8062
8723,8063
8724,8063
8726,8065
8727,8066
8728,8067
8729,8068
8730,8069
8731,8070
8732,8071
8733,8072
8734,8073
8735,8074
8736,8075
8737,8076
8738,8077
8739,8078
8740,8079
8741,8080
8742,8081
8743,8082
8744,8083
8745,8084
8746,8085
8747,8085
8748,8086
8750,8088
8751,8089
8752,8090
8753,8091
8754,8092
8755,8093
8756,8094
8757,8095
8758,8096
8759,8097
8760,8098
8761,8098
8762,8099
8764,8101
8765,8102
8766,8103
8767,8104
8768,8105
8769,8106
8770,8107
8771,8108
8772,8109
8773,8109
8774,8110
8778,8114
8779,8115
8780,8115
8781,8116
8782,8117
8783,8118
8785,8120
8786,8121
8788,8123
8789,8124
8790,8125
8791,8126
8793,8128
8794,8129
8795,8130
8796,8131
8797,8132
8798,8133
8799,8134
8800,8135
8803,8138
8804,8139
8805,8139
8806,8140
8807,8141
8808,8142
8809,8142
8811,8144
8812,8145
8813,8146
8815,8148
8816,8149
8817,8150
8818,8151
8819,8152
8820,8153
8821,8154
8822,8155
8823,8156
8825,8158
8826,8158
8827,8158
8828,8159
8830,8161
8831,8162
8833,8164
8834,8165
8835,8166
8836,8167
8837,8168
8838,8168
8839,8169
8840,8170
8841,8171
8842,8172
8843,8173
8844,8174
8845,8175
8846,8176
8847,8177
8848,8178
8849,8179
8850,8180
8851,8181
8852,8182
8853,8183
8854,8184
8855,8185
8856,8186
8857,8187
8860,8190
8861,8191
8862,8191
8863,8192
8864,8193
8865,8194
8867,8196
8868,8197
8869,8198
8870,8199
8871,8200
8872,8201
8873,8202
8874,8203
8875,8204
8879,8208
8880,8209
8881,8210
8882,8211
8884,8213
8885,8214
8886,8215
8887,8216
8888,8217
8889,8217
8890,8218
8891,8219
8892,8220
8893,8221
8894,8221
8896,8223
8897,8224
8898,8225
8899,8226
8900,8227
8901,8228
8902,8229
8903,8230
8904,8231
8905,8232
8906,8233
8907,8234
8909,8236
8913,8240
8914,8241
8915,8242
8916,8243
8917,8243
8919,8245
8921,8247
8922,8248
8925,8251
8926,8252
8927,8253
8928,8254
8929,8255
8930,8256
8931,8257
8932,8258
8933,8259
8934,8260
8935,8261
8936,8262
8937,8263
8938,8264
8939,8265
8941,8267
8945,8271
8947,8273
8948,8274
8950,8276
8951,8276
8952,8277
8953,8278
8954,8278
8955,8279
8956,8280
8957,8281
8958,8281
8959,8282
8960,8283
8961,8284
8962,8285
8966,8289
8967,8289
8968,8290
8970,8292
8971,8292
8972,8293
8973,8294
8974,8295
8975,8296
8976,8297
8977,8298
8978,8299
8979,8300
8980,8301
8981,8302
8983,8304
8984,8305
8985,8306
8987,8308
8988,8309
8989,8310
8990,8311
8991,8312
8992,8313
8993,8314
8994,8315
8995,8316
8996,8317
8997,8318
8998,8319
8999,8320
9000,8321
9001,8322
9002,8323
9003,8324
9006,8327
9007,8328
9008,8329
9009,8330
9010,8331
9012,8333
9013,8334
9014,8335
9015,8336
9016,8337
9017,8338
9018,8338
9019,8339
9021,8341
9022,8342
9023,8343
9024,8344
9025,8345
9026,8346
9028,8348
9030,8350
9031,8351
9032,8351
9033,8352
9034,8353
9035,8354
9037,8356
9038,8357
9039,8358
9040,8359
9041,8360
9042,8360
9043,8360
9044,8361
9045,8362
9046,8363
9047,8364
9048,8365
9049,8366
9050,8367
9051,8367
9052,8367
9053,8367
9054,8368
9055,8369
9056,8369
9057,8370
9058,8371
9059,8372
9060,8373
9062,8375
9063,8376
9064,8377
9066,8379
9067,8380
9068,8380
9069,8381
9070,8382
9071,8383
9072,8384
9073,8385
9074,8386
9075,8387
9076,8388
9077,8389
9078,8390
9079,8391
9081,8393
9082,8393
9085,8396
9086,8397
9088,8399
9089,8400
9090,8401
9092,8403
9093,8404
9094,8405
9095,8406
9096,8407
9097,8408
9098,8409
9099,8410
9100,8411
9101,8412
9102,8413
9103,8414
9104,8415
9105,8416
9106,8417
9107,8418
9108,8419
9109,8420
9110,8421
9111,8422
9112,8423
9113,8424
9114,8425
9116,8427
9117,8427
9118,8428
9119,8428
9120,8429
9121,8428
9122,8430
9123,8431
9124,8432
9125,8433
9126,8434
9127,8435
9128,8436
9129,8437
9130,8438
9131,8438
9132,8438
9133,8439
9134,8440
9135,8441
9138,8443
9139,8444
9140,8445
9141,8446
9142,8447
9143,8447
9144,8448
9145,8449
9146,8450
9147,8451
9148,8452
9149,8453
9150,8454
9151,8455
9152,8456
9153,8457
9154,8458
9155,8459
9156,8460
9157,8461
9158,8462
9159,8463
9161,8465
9162,8466
9163,8466
9165,8468
9166,8469
9167,8469
9168,8469
9169,8470
9170,8471
9171,8472
9172,8473
9173,8474
9174,8475
9175,8476
9176,8477
9177,8478
9178,8479
9179,8480
9180,8481
9181,8482
9182,8483
9183,8484
9184,8485
9186,8487
9187,8488
9188,8489
9190,8491
9191,8492
9192,8493
9193,8494
9194,8495
9196,8497
9197,8497
9198,8498
9200,8500
9201,8501
9203,8503
9205,8505
9206,8506
9207,8507
9208,8508
9209,8509
9210,8510
9211,8511
9212,8512
9213,8513
9216,8516
9217,8517
9219,8519
9220,8520
9222,8522
9223,8523
9224,8523
9225,8524
9227,8526
9228,8527
9229,8528
9230,8529
9231,8530
9232,8531
9233,8532
9234,8532
9235,8532
9236,8533
9238,8535
9239,8536
9240,8537
9241,8538
9242,8538
9243,8539
9244,8540
9245,8541
9246,8542
9248,8544
9249,8545
9250,8546
9252,8548
9253,8549
9255,8551
9256,8552
9257,8552
9258,8553
9259,8554
9260,8555
9261,8555
9262,8556
9263,8557
9264,8558
9265,8559
9267,8561
9268,8562
9269,8563
9270,8564
9271,8565
9272,8566
9273,8567
9274,8568
9275,8569
9276,8570
9277,8571
9278,8572
9279,8573
9280,8574
9281,8575
9282,8575
9283,8575
9284,8576
9285,8577
9286,8578
9288,8580
9289,8581
9290,8581
9293,8584
9294,8585
9295,8586
9296,8586
9297,8587
9298,8588
9299,8589
9300,8590
9301,8590
9302,8591
9303,8592
9304,8593
9305,8594
9306,8595
9307,8596
9308,8596
9309,8597
9310,8598
9312,8600
9313,8601
9316,8604
9317,8605
9318,8606
9319,8607
9320,8608
9321,8609
9322,8610
9323,8610
9324,8611
9326,8613
9327,8614
9328,8615
9329,8616
9330,8617
9331,8618
9332,8619
9333,8620
9335,8622
9336,8623
9337,8624
9338,8625
9339,8626
9340,8627
9341,8628
9342,8629
9343,8629
9344,8629
9345,8630
9346,8631
9347,8632
9348,8633
9349,8634
9350,8635
9351,8636
9352,8636
9353,8637
9354,8638
9358,8642
9359,8643
9360,8643
9361,8644
9362,8645
9363,8646
9364,8647
9365,8648
9368,8651
9370,8653
9371,8653
9373,8655
9374,8656
9375,8657
9376,8658
9377,8658
9378,8659
9379,8660
9380,8661
9381,8662
9382,8663
9383,8664
9385,8666
9386,8667
9388,8669
9389,8670
9390,8671
9391,8672
9392,8673
9393,8674
9394,8675
9395,8676
9396,8677
9397,8678
9398,8679
9399,8680
9400,8681
9401,8682
9402,8683
9404,8685
9405,8686
9406,8687
9407,8688
9408,8689
9409,8690
9410,8691
9411,8692
9412,8693
9413,8694
9414,8695
9415,8696
9416,8697
9417,8698
9418,8699
9419,8700
9420,8701
9421,8702
9422,8703
9423,8704
9425,8706
9426,8707
9427,8707
9428,8708
9429,8709
9430,8709
9432,8711
9433,8712
9434,8713
9435,8714
9436,8715
9437,8716
9438,8717
9439,8718
9442,8721
9443,8722
9444,8723
9445,8724
9446,8725
9447,8726
9448,8727
9449,8728
9450,8729
9452,8731
9453,8731
9454,8731
9455,8732
9456,8733
9457,8733
9458,8734
9459,8735
9461,8737
9462,8738
9464,8740
9465,8741
9466,8742
9467,8743
9468,8744
9469,8745
9470,8746
9471,8747
9472,8748
9473,8749
9474,8750
9475,8751
9477,8753
9478,8754
9479,8755
9480,8756
9481,8757
9482,8758
9483,8759
9484,8760
9485,8761
9486,8762
9487,8763
9490,8766
9491,8767
9492,8768
9493,8769
9494,8770
9495,8771
9496,8772
9497,8773
9498,8774
9499,8775
9500,8776
9501,8777
9502,8778
9503,8779
9504,8780
9505,8781
9507,8783
9508,8784
9509,8785
9510,8786
9511,8787
9512,8788
9513,8789
9514,8790
9515,8791
9516,8792
9517,8793
9518,8794
9519,8795
9521,8797
9522,8798
9523,8799
9524,8800
9525,8800
9526,8801
9527,8802
9528,8803
9529,8804
9530,8805
9531,8806
9532,8807
9533,8808
9534,8808
9535,8809
9536,8810
9537,8811
9538,8812
9539,8813
9541,8815
9542,8816
9543,8817
9546,8820
9547,8821
9548,8822
9549,8823
9551,8825
9553,8827
9554,8828
9555,8829
9556,8830
9557,8830
9558,8831
9559,8832
9560,8833
9561,8834
9562,8835
9563,8836
9564,8837
9565,8838
9567,8840
9568,8841
9569,8842
9570,8843
9571,8844
9572,8845
9573,8846
9574,8847
9575,8848
9576,8849
9577,8850
9579,8852
9581,8854
9582,8855
9584,8857
9586,8859
9587,8860
9588,8861
9589,8861
9590,8861
9591,8862
9592,8863
9594,8865
9595,8866
9596,8867
9597,8868
9598,8869
9600,8871
9601,8872
9602,8873
9603,8874
9605,8876
9606,8877
9607,8877
9608,8877
9609,8877
9611,8879
9612,8880
9613,8881
9614,8882
9615,8882
9616,8883
9618,8885
9619,8886
9620,8886
9621,8887
9623,8889
9624,8890
9625,8891
9626,8892
9627,8893
9630,8896
9631,8897
9632,8898
9633,8899
9634,8900
9635,8901
9636,8901
9637,8902
9638,8903
9639,8903
9640,8903
9641,8904
9642,8905
9643,8906
9644,8907
9647,8910
9648,8911
9649,8912
9651,8914
9654,8917
9656,8919
9658,8921
9660,8923
9661,8924
9662,8925
9663,8926
9664,8927
9665,8928
9666,8929
9667,8930
9671,8934
9672,8935
9673,8936
9674,8937
9675,8938
9676,8939
9677,8939
9678,8940
9679,8941
9680,8942
9681,8943
9682,8944
9683,8945
9684,8946
9685,8947
9686,8948
9687,8949
9688,8949
9689,8950
9690,8951
9691,8952
9692,8953
9694,8955
9695,8956
9696,8957
9697,8958
9698,8959
9699,8960
9700,8961
9702,8963
9703,8964
9704,8965
9705,8966
9706,8967
9707,8968
9708,8969
9709,8970
9711,8972
9713,8974
9714,8975
9715,8976
9716,8976
9717,8977
9718,8978
9719,8978
9721,8980
9724,8983
9726,8985
9727,8986
9728,8987
9729,8988
9732,8991
9733,8992
9734,8993
9735,8994
9736,8995
9737,8996
9738,8997
9739,8998
9740,8999
9741,9000
9742,9001
9744,9003
9745,9004
9746,9005
9747,9006
9748,9007
9750,9009
9751,9010
9752,9011
9753,9012
9756,9015
9759,9018
9760,9019
9761,9020
9762,9021
9763,9022
9764,9023
9766,9025
9767,9026
9768,9027
9769,9027
9770,9027
9771,9028
9772,9029
9773,9029
9775,9031
9776,9032
9778,9034
9780,9036
9781,9036
9782,9037
9783,9038
9784,9039
9785,9040
9786,9041
9787,9041
9788,9042
9789,9043
9790,9044
9791,9045
9792,9046
9793,9047
9794,9048
9795,9049
9796,9050
9797,9051
9798,9052
9799,9053
9800,9054
9801,9055
9802,9056
9803,9057
9806,9060
9807,9060
9808,9061
9810,9063
9811,9063
9812,9063
9813,9064
9814,9065
9815,9066
9816,9067
9817,9068
9818,9068
9819,9069
9820,9070
9821,9071
9822,9072
9823,9073
9824,9074
9825,9075
9827,9077
9828,9078
9829,9079
9830,9080
9833,9083
9834,9084
9835,9085
9836,9086
9837,9087
9838,9088
9839,9089
9840,9089
9841,9090
9842,9091
9843,9092
9844,9093
9846,9095
9847,9095
9848,9096
9849,9097
9850,9098
9851,9099
9852,9100
9853,9101
9854,9102
9855,9103
9856,9104
9857,9105
9858,9106
9859,9107
9860,9108
9861,9109
9862,9109
9863,9110
9864,9111
9867,9114
9868,9115
9869,9116
9870,9117
9871,9118
9872,9119
9873,9120
9874,9121
9875,9122
9876,9123
9877,9124
9878,9125
9879,9126
9880,9127
9881,9128
9882,9129
9883,9129
9884,9130
9885,9131
9886,9132
9887,9133
9888,9134
9890,9136
9891,9137
9892,9138
9893,9139
9894,9140
9895,9141
9896,9141
9897,9142
9899,9144
9900,9145
9901,9146
9902,9147
9903,9148
9904,9149
9906,9151
9908,9153
9909,9154
9910,9155
9911,9156
9912,9157
9913,9158
9914,9159
9915,9160
9916,9161
9917,9162
9918,9163
9919,9164
9920,9164
9921,9165
9922,9166
9923,9167
9924,9168
9925,9169
9926,9170
9928,9172
9930,9174
9931,9174
9933,9176
9934,9177
9935,9178
9936,9179
9938,9181
9939,9182
9940,9182
9941,9183
9942,9184
9943,9184
9944,9185
9945,9185
9946,9186
9948,9188
9949,9189
9950,9190
9951,9191
9952,9191
9953,9192
9954,9193
9955,9194
9956,9194
9957,9195
9959,9197
9961,9199
9962,9200
9963,9201
9964,9202
9968,9206
9969,9207
9971,9209
9972,9210
9973,9210
9975,9212
9976,9213
9978,9215
9979,9216
9981,9218
9982,9219
9983,9220
9984,9219
9985,9221
9986,9222
9987,9223
9989,9225
9991,9227
9992,9228
9993,9229
9994,9230
9995,9231
9996,9231
9998,9233
10000,9235
10002,9237
10003,9238
10004,9238
10005,9239
10006,9240
10007,9241
10008,9242
10009,9242
10010,9243
10011,9243
10013,9245
10014,9246
10015,9247
10016,9248
10017,9249
10018,9250
10019,9251
10021,9253
10022,9254
10023,9255
10024,9256
10025,9257
10026,9258
10028,9260
10033,9265
10034,9266
10035,9267
10036,9268
10039,9271
10040,9272
10044,9276
10045,9277
10046,9277
10047,9278
10048,9279
10049,9280
10050,9281
10051,9282
10052,9283
10053,9284
10054,9285
10055,9286
10056,9287
10057,9288
10058,9289
10059,9289
10060,9290
10061,9291
10062,9292
10063,9293
10064,9294
10065,9295
10068,9298
10069,9299
10070,9300
10071,9301
10072,9302
10073,9303
10074,9304
10075,9305
10076,9306
10077,9307
10078,9307
10079,9307
10080,9308
10081,9309
10082,9310
10084,9312
10085,9313
10086,9314
10087,9314
10088,9315
10089,9316
10090,9317
10091,9317
10092,9318
10093,9319
10094,9320
10095,9321
10098,9324
10102,9328
10103,9329
10104,9330
10105,9331
10106,9332
10107,9333
10108,9334
10109,9335
10110,9336
10111,9337
10112,9338
10114,9340
10115,9341
10116,9342
10117,9343
10118,9344
10119,9345
10120,9345
10121,9346
10122,9347
10123,9348
10124,9349
10125,9350
10126,9351
10127,9352
10128,9353
10129,9354
10130,9355
10131,9356
10133,9358
10134,9358
10135,9359
10136,9360
10137,9361
10138,9362
10139,9362
10140,9363
10141,9364
10142,9365
10143,9366
10144,9367
10145,9368
10146,9368
10147,9369
10148,9370
10149,9371
10150,9372
10151,9373
10152,9374
10153,9375
10154,9376
10155,9377
10156,9378
10157,9379
10158,9380
10159,9381
10160,9382
10161,9383
10162,9384
10163,9385
10164,9385
10165,9386
10166,9387
10167,9387
10168,9387
10169,9388
10171,9390
10172,9391
10173,9392
10175,9394
10176,9395
10177,9396
10178,9397
10179,9398
10180,9399
10182,9401
10183,9402
10184,9403
10185,9404
10186,9404
10187,9404
10188,9404
10189,9405
10190,9406
10191,9407
10192,9408
10193,9409
10194,9410
10195,9411
10196,9412
10197,9413
10198,9414
10200,9416
10201,9416
10202,9417
10203,9418
10204,9419
10205,9419
10206,9419
10207,9419
10208,9420
10210,9422
10211,9423
10212,9424
10213,9425
10214,9426
10215,9427
10216,9428
10217,9429
10218,9430
10219,9431
10221,9433
10222,9434
10225,9437
10226,9438
10228,9440
10229,9441
10230,9442
10231,9443
10232,9444
10233,9445
10235,9447
10236,9448
10237,9449
10238,9450
10239,9451
10240,9452
10241,9453
10242,9454
10243,9455
10244,9456
10245,9457
10246,9458
10247,9459
10248,9460
10249,9461
10250,9462
10251,9463
10252,9464
10253,9465
10254,9466
10255,9467
10256,9467
10257,9468
10258,9469
10259,9470
10260,9471
10261,9472
10262,9473
10263,9474
10264,9475
10265,9476
10266,9477
10268,9479
10269,9480
10270,9481
10272,9483
10273,9484
10274,9485
10275,9486
10277,9488
10278,9489
10279,9490
10280,9491
10281,9491
10282,9491
10283,9491
10284,9492
10285,9493
10286,9494
10287,9495
10289,9497
10290,9498
10291,9499
10292,9500
10293,9501
10294,9502
10295,9503
10296,9504
10297,9505
10298,9506
10299,9507
10300,9508
10301,9509
10302,9510
10303,9511
10305,9513
10306,9513
10307,9514
10308,9515
10310,9517
10312,9519
10313,9520
10315,9522
10316,9523
10317,9524
10318,9525
10319,9526
10320,9527
10321,9527
10322,9528
10323,9529
10324,9530
10325,9531
10326,9532
10327,9532
10328,9533
10329,9534
10330,9535
10331,9536
10332,9537
10334,9539
10335,9540
10336,9541
10337,9542
10338,9543
10339,9544
10340,9545
10341,9546
10342,9547
10343,9547
10344,9548
10346,9550
10347,9551
10348,9552
10349,9553
10350,9554
10351,9555
10352,9556
10353,9557
10354,9558
10355,9559
10356,9560
10358,9562
10359,9562
10360,9563
10361,9564
10362,9565
10363,9566
10364,9567
10365,9568
10366,9569
10367,9570
10368,9571
10370,9573
10371,9574
10372,9575
10373,9576
10375,9578
10376,9579
10377,9580
10378,9581
10379,9582
10380,9583
10381,9583
10382,9584
10383,9585
10386,9588
10388,9590
10389,9591
10390,9592
10391,9593
10392,9594
10394,9596
10395,9597
10396,9598
10397,9598
10398,9599
10399,9600
10400,9601
10401,9602
10402,9603
10403,9604
10404,9605
10405,9606
10406,9607
10407,9608
10408,9609
10410,9611
10411,9612
10412,9612
10413,9613
10414,9613
10415,9614
10416,9615
10417,9616
10418,9617
10419,9618
10420,9619
10421,9620
10422,9621
10423,9621
10424,9622
10425,9623
10426,9624
10427,9625
10428,9626
10430,9628
10431,9629
10432,9630
10433,9630
10434,9631
10435,9632
10436,9633
10437,9634
10438,9635
10439,9636
10441,9638
10442,9639
10443,9640
10444,9641
10445,9642
10447,9644
10448,9645
10449,9646
10450,9647
10451,9648
10452,9649
10453,9650
10454,9651
10455,9652
10456,9653
10457,9654
10458,9655
10459,9655
10460,9656
10461,9656
10463,9658
10464,9659
10465,9660
10466,9661
10467,9662
10468,9662
10469,9663
10470,9664
10471,9665
10472,9666
10473,9667
10474,9668
10475,9668
10476,9669
10477,9670
10480,9673
10481,9674
10482,9675
10483,9676
10484,9677
10485,9678
10486,9679
10487,9680
10489,9682
10490,9683
