user_id,age_group_id
1,1
2,2
3,3
4,3
5,4
6,4
7,3
8,2
9,4
10,4
11,4
12,4
13,4
14,1
15,2
16,5
17,3
18,1
19,3
20,1
21,3
22,2
23,1
24,4
25,1
26,1
27,1
28,6
29,3
30,4
31,4
32,1
33,4
34,3
35,3
36,3
37,4
38,4
39,6
40,6
41,6
42,4
43,1
44,3
45,4
46,4
47,4
48,6
49,3
50,4
51,2
52,2
53,5
54,2
55,2
56,2
57,6
58,2
59,4
60,2
61,1
62,1
63,4
64,4
65,2
66,2
67,3
68,3
69,6
70,6
71,4
72,3
73,1
74,3
75,3
76,4
77,4
78,4
79,2
80,4
81,4
82,4
83,2
84,2
85,4
86,2
87,4
88,4
89,2
90,4
91,6
92,1
93,1
94,6
95,4
96,4
97,4
98,3
99,5
100,3
101,4
102,3
103,3
104,4
105,6
106,2
107,6
108,2
109,6
110,2
111,3
112,3
113,1
114,2
115,4
116,5
117,3
118,2
119,4
120,4
121,3
122,3
123,4
124,4
125,1
126,1
127,1
128,2
129,2
130,3
131,3
132,4
133,3
134,1
135,3
136,4
137,1
138,6
139,4
140,3
141,1
142,6
143,4
144,3
145,4
146,4
147,4
148,6
149,4
150,1
151,2
152,4
153,3
154,6
155,4
156,3
157,3
158,4
159,4
160,4
161,4
162,5
163,4
164,2
165,3
166,3
167,6
168,6
169,2
170,3
171,3
172,4
173,2
174,6
175,2
176,4
177,4
178,3
179,6
180,4
181,5
182,4
183,4
184,4
185,4
186,1
187,2
188,4
189,4
190,1
191,3
192,3
193,4
194,4
195,1
196,6
197,1
198,1
199,2
200,2
201,3
202,3
203,5
204,3
205,4
206,4
207,3
208,4
209,3
210,2
211,4
212,1
213,5
214,5
215,3
216,4
217,2
218,2
219,3
220,3
221,5
222,4
223,6
224,6
225,4
226,4
227,3
228,6
229,2
230,1
231,2
232,3
233,2
234,3
235,2
236,4
237,3
238,4
239,5
240,3
241,3
242,4
243,4
244,3
245,6
246,6
247,2
248,5
249,5
250,3
251,3
252,4
253,5
254,4
255,6
256,6
257,3
258,3
259,3
260,4
261,2
262,3
263,1
264,2
265,4
266,2
267,4
268,1
269,6
270,6
271,4
272,1
273,4
274,2
275,6
276,2
277,3
278,4
279,1
280,2
281,2
282,4
283,2
284,1
285,3
286,4
287,2
288,4
289,2
290,2
291,4
292,6
293,4
294,1
295,4
296,2
297,2
298,4
299,4
300,2
301,3
302,3
303,3
304,4
305,4
306,4
307,2
308,6
309,6
310,2
311,3
312,4
313,3
314,6
315,4
316,3
317,4
318,5
319,4
320,4
321,3
322,2
323,3
324,2
325,2
326,4
327,4
328,4
329,4
330,4
331,4
332,1
333,2
334,4
335,4
336,5
337,3
338,4
339,4
340,2
341,4
342,2
343,4
344,4
345,2
346,6
347,1
348,4
349,3
350,1
351,2
352,4
353,4
354,2
355,2
356,1
357,6
358,1
359,4
360,6
361,4
362,3
363,5
364,2
365,3
366,2
367,2
368,2
369,3
370,4
371,4
372,3
373,3
374,4
375,3
376,4
377,1
378,1
379,1
380,6
381,6
382,3
383,3
384,2
385,3
386,4
387,3
388,1
389,4
390,3
391,2
392,6
393,4
394,4
395,1
396,3
397,5
398,4
399,1
400,3
401,6
402,2
403,3
404,1
405,1
406,3
407,3
408,3
409,4
410,5
411,3
412,6
413,4
414,4
415,4
416,6
417,4
418,4
419,4
420,2
421,4
422,2
423,4
424,2
425,2
426,3
427,2
428,3
429,6
430,1
431,6
432,4
433,4
434,4
435,2
436,4
437,2
438,5
439,2
440,4
441,4
442,4
443,2
444,2
445,2
446,6
447,4
448,4
449,5
450,4
451,3
452,1
453,3
454,1
455,4
456,1
457,1
458,3
459,5
460,4
461,3
462,6
463,4
464,6
465,3
466,1
467,2
468,3
469,3
470,4
471,1
472,5
473,4
474,2
475,6
476,2
477,3
478,4
479,3
480,4
481,1
482,4
483,2
484,3
485,3
486,1
487,2
488,4
489,6
490,2
491,2
492,6
493,2
494,2
495,3
496,1
497,3
498,5
499,2
500,2
501,4
502,4
503,6
504,2
505,3
506,3
507,4
508,2
509,6
510,4
511,6
512,5
513,4
514,5
515,6
516,3
517,6
518,4
519,6
520,4
521,2
522,6
523,4
524,4
525,1
526,4
527,4
528,4
529,3
530,1
531,4
532,6
533,3
534,4
535,2
536,3
537,4
538,1
539,3
540,1
541,4
542,6
543,1
544,4
545,6
546,3
547,1
548,3
549,2
550,4
551,3
552,4
553,4
554,3
555,6
556,2
557,2
558,4
559,2
560,4
561,1
562,5
563,4
564,2
565,4
566,4
567,4
568,3
569,4
570,6
571,4
572,2
573,4
574,4
575,4
576,1
577,6
578,4
579,2
580,2
581,3
582,4
583,1
584,2
585,3
586,2
587,3
588,1
589,4
590,4
591,4
592,3
593,4
594,4
595,3
596,5
597,4
598,1
599,2
600,3
601,6
602,4
603,6
604,6
605,6
606,6
607,4
608,2
609,2
610,3
611,1
612,6
613,3
614,2
615,3
616,6
617,1
618,2
619,6
620,4
621,2
622,2
623,3
624,2
625,3
626,2
627,3
628,2
629,2
630,2
631,3
632,1
633,6
634,2
635,4
636,6
637,4
638,4
639,2
640,2
641,3
642,1
643,6
644,4
645,2
646,5
647,4
648,4
649,3
650,1
651,3
652,5
653,5
654,6
655,6
656,6
657,1
658,6
659,3
660,4
661,6
662,2
663,1
664,4
665,3
666,3
667,6
668,3
669,6
670,1
671,6
672,2
673,2
674,3
675,2
676,1
677,3
678,6
679,6
680,3
681,2
682,4
683,2
684,2
685,3
686,4
687,3
688,4
689,3
690,1
691,6
692,4
693,4
694,1
695,4
696,1
697,2
698,3
699,2
700,4
701,4
702,2
703,2
704,6
705,4
706,3
707,4
708,4
709,4
710,5
711,4
712,1
713,2
714,6
715,4
716,6
717,1
718,4
719,6
720,4
721,6
722,1
723,3
724,3
725,2
726,3
727,1
728,6
729,6
730,5
731,1
732,6
733,4
734,6
735,1
736,1
737,5
738,2
739,4
740,4
741,4
742,3
743,6
744,4
745,6
746,1
747,2
748,6
749,3
750,2
751,2
752,4
753,6
754,4
755,4
756,4
757,4
758,2
759,2
760,2
761,4
762,1
763,4
764,3
765,5
766,2
767,4
768,3
769,4
770,4
771,3
772,3
773,3
774,6
775,4
776,2
777,3
778,1
779,1
780,4
781,2
782,4
783,4
784,4
785,3
786,2
787,3
788,3
789,4
790,3
791,4
792,1
793,4
794,6
795,1
796,6
797,1
798,6
799,2
800,6
801,1
802,4
803,4
804,2
805,2
806,2
807,6
808,2
809,3
810,2
811,4
812,4
813,3
814,4
815,3
816,1
817,2
818,2
819,3
820,4
821,4
822,4
823,2
824,2
825,1
826,2
827,4
828,6
829,4
830,6
831,4
832,4
833,4
834,5
835,6
836,2
837,2
838,4
839,3
840,3
841,1
842,4
843,6
844,1
845,2
846,3
847,6
848,2
849,3
850,3
851,3
852,4
853,3
854,4
855,2
856,3
857,3
858,4
859,4
860,4
861,4
862,4
863,6
864,4
865,3
866,3
867,4
868,2
869,3
870,4
871,3
872,4
873,1
874,3
875,1
876,6
877,3
878,1
879,4
880,4
881,4
882,3
883,3
884,1
885,2
886,4
887,4
888,5
889,3
890,3
891,3
892,4
893,4
894,4
895,3
896,3
897,3
898,5
899,4
900,3
901,4
902,5
903,3
904,2
905,2
906,3
907,2
908,4
909,4
910,4
911,4
912,5
913,2
914,5
915,3
916,6
917,3
918,2
919,3
920,4
921,6
922,3
923,3
924,4
925,1
926,4
927,2
928,2
929,5
930,6
931,4
932,3
933,3
934,2
935,6
936,3
937,4
938,4
939,3
940,5
941,2
942,2
943,1
944,3
945,2
946,4
947,3
948,1
949,3
950,4
951,1
952,2
953,4
954,6
955,4
956,6
957,4
958,1
959,4
960,3
961,4
962,6
963,6
964,6
965,3
966,2
967,1
968,4
969,6
970,6
971,6
972,1
973,3
974,1
975,2
976,4
977,4
978,5
979,4
980,1
981,2
982,2
983,3
984,3
985,4
986,4
987,1
988,6
989,5
990,4
991,4
992,4
993,4
994,4
995,3
996,4
997,3
998,2
999,4
1000,4
1001,4
1002,4
1003,3
1004,3
1005,1
1006,6
1007,4
1008,2
1009,3
1010,3
1011,3
1012,3
1013,4
1014,4
1015,3
1016,4
1017,4
1018,4
1019,2
1020,2
1021,3
1022,3
1023,6
1024,4
1025,2
1026,1
1027,3
1028,2
1029,2
1030,2
1031,6
1032,4
1033,1
1034,6
1035,4
1036,4
1037,5
1038,6
1039,3
1040,1
1041,5
1042,3
1043,2
1044,6
1045,2
1046,3
1047,3
1048,1
1049,4
1050,6
1051,3
1052,4
1053,6
1054,6
1055,1
1056,2
1057,2
1058,4
1059,3
1060,6
1061,6
1062,4
1063,4
1064,1
1065,2
1066,2
1067,1
1068,1
1069,3
1070,2
1071,2
1072,4
1073,4
1074,3
1075,5
1076,4
1077,3
1078,2
1079,3
1080,3
1081,2
1082,6
1083,4
1084,1
1085,4
1086,2
1087,1
1088,4
1089,2
1090,5
1091,5
1092,4
1093,3
1094,4
1095,3
1096,3
1097,6
1098,3
1099,2
1100,5
1101,5
1102,4
1103,1
1104,6
1105,1
1106,6
1107,3
1108,3
1109,2
1110,4
1111,4
1112,6
1113,4
1114,3
1115,4
1116,3
1117,2
1118,3
1119,4
1120,2
1121,3
1122,4
1123,4
1124,3
1125,1
1126,4
1127,1
1128,4
1129,3
1130,2
1131,6
1132,1
1133,1
1134,1
1135,4
1136,2
1137,2
1138,3
1139,4
1140,2
1141,4
1142,2
1143,2
1144,4
1145,3
1146,5
1147,6
1148,4
1149,1
1150,4
1151,4
1152,1
1153,1
1154,6
1155,4
1156,2
1157,3
1158,6
1159,4
1160,4
1161,2
1162,4
1163,6
1164,5
1165,2
1166,2
1167,3
1168,1
1169,3
1170,4
1171,1
1172,3
1173,3
1174,3
1175,3
1176,3
1177,4
1178,6
1179,2
1180,3
1181,4
1182,4
1183,5
1184,5
1185,6
1186,1
1187,3
1188,2
1189,4
1190,4
1191,4
1192,1
1193,3
1194,4
1195,2
1196,4
1197,2
1198,4
1199,1
1200,4
1201,6
1202,1
1203,6
1204,6
1205,4
1206,1
1207,6
1208,4
1209,6
1210,2
1211,4
1212,3
1213,3
1214,4
1215,1
1216,5
1217,4
1218,4
1219,3
1220,3
1221,2
1222,1
1223,4
1224,1
1225,4
1226,6
1227,3
1228,3
1229,6
1230,4
1231,2
1232,1
1233,1
1234,3
1235,6
1236,4
1237,3
1238,3
1239,2
1240,5
1241,3
1242,3
1243,3
1244,2
1245,1
1246,1
1247,4
1248,6
1249,2
1250,2
1251,3
1252,6
1253,2
1254,4
1255,2
1256,3
1257,4
1258,6
1259,2
1260,4
1261,4
1262,4
1263,6
1264,1
1265,4
1266,4
1267,4
1268,3
1269,4
1270,4
1271,4
1272,4
1273,3
1274,2
1275,2
1276,2
1277,4
1278,2
1279,2
1280,2
1281,5
1282,4
1283,3
1284,3
1285,4
1286,4
1287,3
1288,5
1289,2
1290,2
1291,2
1292,2
1293,6
1294,6
1295,3
1296,1
1297,1
1298,4
1299,6
1300,1
1301,4
1302,3
1303,3
1304,2
1305,4
1306,1
1307,1
1308,6
1309,4
1310,2
1311,2
1312,2
1313,2
1314,4
1315,6
1316,4
1317,4
1318,1
1319,6
1320,4
1321,4
1322,3
1323,4
1324,4
1325,3
1326,4
1327,2
1328,6
1329,4
1330,3
1331,6
1332,4
1333,1
1334,3
1335,5
1336,5
1337,5
1338,2
1339,2
1340,3
1341,4
1342,2
1343,6
1344,6
1345,6
1346,6
1347,4
1348,2
1349,2
1350,2
1351,2
1352,3
1353,1
1354,1
1355,4
1356,6
1357,2
1358,2
1359,4
1360,4
1361,4
1362,3
1363,3
1364,4
1365,4
1366,6
1367,1
1368,1
1369,3
1370,3
1371,4
1372,4
1373,3
1374,3
1375,1
1376,2
1377,6
1378,1
1379,1
1380,1
1381,4
1382,4
1383,3
1384,3
1385,3
1386,1
1387,4
1388,2
1389,6
1390,4
1391,2
1392,1
1393,2
1394,2
1395,3
1396,4
1397,3
1398,3
1399,4
1400,3
1401,1
1402,4
1403,4
1404,6
1405,6
1406,6
1407,3
1408,3
1409,3
1410,2
1411,2
1412,1
1413,3
1414,3
1415,3
1416,1
1417,3
1418,4
1419,6
1420,4
1421,3
1422,3
1423,4
1424,5
1425,4
1426,3
1427,6
1428,3
1429,4
1430,3
1431,2
1432,4
1433,3
1434,6
1435,4
1436,1
1437,4
1438,2
1439,4
1440,4
1441,1
1442,3
1443,3
1444,2
1445,3
1446,4
1447,1
1448,2
1449,6
1450,3
1451,4
1452,2
1453,3
1454,4
1455,4
1456,1
1457,2
1458,4
1459,4
1460,1
1461,4
1462,1
1463,3
1464,2
1465,5
1466,4
1467,6
1468,6
1469,2
1470,1
1471,5
1472,4
1473,2
1474,2
1475,4
1476,6
1477,2
1478,4
1479,4
1480,4
1481,2
1482,6
1483,1
1484,1
1485,3
1486,2
1487,6
1488,3
1489,6
1490,4
1491,4
1492,2
1493,2
1494,6
1495,4
1496,3
1497,4
1498,4
1499,4
1500,3
1501,4
1502,2
1503,3
1504,1
1505,3
1506,2
1507,5
1508,3
1509,4
1510,1
1511,2
1512,1
1513,3
1514,1
1515,3
1516,1
1517,2
1518,3
1519,3
1520,2
1521,4
1522,3
1523,5
1524,6
1525,3
1526,4
1527,4
1528,6
1529,3
1530,3
1531,2
1532,3
1533,5
1534,4
1535,6
1536,4
1537,2
1538,3
1539,2
1540,2
1541,1
1542,3
1543,6
1544,1
1545,2
1546,6
1547,2
1548,4
1549,5
1550,3
1551,3
1552,2
1553,3
1554,3
1555,3
1556,4
1557,2
1558,3
1559,3
1560,6
1561,1
1562,6
1563,1
1564,4
1565,4
1566,6
1567,3
1568,2
1569,2
1570,6
1571,4
1572,4
1573,4
1574,4
1575,4
1576,5
1577,1
1578,6
1579,4
1580,4
1581,3
1582,1
1583,3
1584,3
1585,1
1586,1
1587,4
1588,4
1589,4
1590,1
1591,4
1592,4
1593,6
1594,2
1595,4
1596,4
1597,4
1598,4
1599,6
1600,1
1601,3
1602,4
1603,2
1604,2
1605,4
1606,5
1607,2
1608,4
1609,2
1610,1
1611,4
1612,3
1613,4
1614,4
1615,1
1616,4
1617,2
1618,2
1619,3
1620,4
1621,3
1622,4
1623,6
1624,4
1625,4
1626,2
1627,3
1628,4
1629,4
1630,3
1631,2
1632,4
1633,2
1634,2
1635,4
1636,4
1637,2
1638,6
1639,1
1640,2
1641,3
1642,6
1643,6
1644,3
1645,3
1646,4
1647,4
1648,3
1649,6
1650,5
1651,4
1652,2
1653,4
1654,2
1655,3
1656,2
1657,6
1658,3
1659,6
1660,2
1661,1
1662,2
1663,1
1664,2
1665,4
1666,2
1667,4
1668,3
1669,3
1670,2
1671,5
1672,2
1673,4
1674,3
1675,2
1676,4
1677,3
1678,6
1679,2
1680,4
1681,3
1682,2
1683,3
1684,1
1685,2
1686,3
1687,5
1688,2
1689,4
1690,2
1691,4
1692,3
1693,4
1694,1
1695,1
1696,1
1697,1
1698,4
1699,2
1700,3
1701,2
1702,3
1703,4
1704,2
1705,2
1706,4
1707,1
1708,4
1709,3
1710,3
1711,3
1712,4
1713,2
1714,3
1715,5
1716,3
1717,5
1718,5
1719,4
1720,6
1721,4
1722,6
1723,6
1724,4
1725,4
1726,3
1727,4
1728,2
1729,2
1730,6
1731,2
1732,6
1733,4
1734,1
1735,4
1736,6
1737,2
1738,4
1739,4
1740,3
1741,3
1742,3
1743,3
1744,1
1745,4
1746,3
1747,5
1748,5
1749,3
1750,4
1751,6
1752,4
1753,6
1754,3
1755,4
1756,2
1757,4
1758,2
1759,4
1760,5
1761,4
1762,6
1763,6
1764,4
1765,3
1766,3
1767,2
1768,2
1769,5
1770,5
1771,4
1772,4
1773,6
1774,2
1775,6
1776,2
1777,6
1778,1
1779,5
1780,6
1781,6
1782,6
1783,3
1784,1
1785,4
1786,2
1787,2
1788,4
1789,2
1790,3
1791,2
1792,1
1793,2
1794,2
1795,3
1796,1
1797,4
1798,4
1799,4
1800,2
1801,4
1802,2
1803,4
1804,2
1805,1
1806,3
1807,3
1808,6
1809,3
1810,6
1811,3
1812,6
1813,6
1814,2
1815,4
1816,4
1817,4
1818,3
1819,1
1820,6
1821,4
1822,4
1823,2
1824,3
1825,4
1826,4
1827,6
1828,6
1829,4
1830,6
1831,4
1832,2
1833,3
1834,4
1835,1
1836,4
1837,3
1838,3
1839,6
1840,4
1841,6
1842,2
1843,4
1844,2
1845,3
1846,3
1847,3
1848,2
1849,6
1850,3
1851,3
1852,1
1853,1
1854,4
1855,3
1856,4
1857,3
1858,3
1859,4
1860,3
1861,3
1862,2
1863,6
1864,6
1865,4
1866,3
1867,1
1868,6
1869,6
1870,4
1871,3
1872,3
1873,2
1874,6
1875,1
1876,6
1877,1
1878,1
1879,4
1880,1
1881,3
1882,5
1883,1
1884,2
1885,3
1886,3
1887,4
1888,2
1889,1
1890,1
1891,4
1892,4
1893,3
1894,2
1895,1
1896,6
1897,1
1898,4
1899,3
1900,4
1901,1
1902,4
1903,3
1904,4
1905,2
1906,1
1907,2
1908,4
1909,2
1910,2
1911,2
1912,3
1913,4
1914,4
1915,4
1916,4
1917,4
1918,3
1919,4
1920,3
1921,1
1922,1
1923,3
1924,3
1925,4
1926,2
1927,3
1928,2
1929,2
1930,4
1931,5
1932,1
1933,2
1934,6
1935,2
1936,1
1937,4
1938,4
1939,2
1940,2
1941,4
1942,2
1943,2
1944,3
1945,4
1946,2
1947,3
1948,4
1949,4
1950,2
1951,6
1952,5
1953,6
1954,3
1955,1
1956,4
1957,3
1958,5
1959,3
1960,3
1961,4
1962,4
1963,4
1964,5
1965,6
1966,6
1967,1
1968,4
1969,4
1970,4
1971,4
1972,4
1973,4
1974,4
1975,2
1976,4
1977,1
1978,6
1979,6
1980,3
1981,4
1982,3
1983,6
1984,1
1985,1
1986,4
1987,3
1988,4
1989,2
1990,4
1991,2
1992,3
1993,2
1994,3
1995,4
1996,6
1997,6
1998,2
1999,6
2000,6
2001,3
2002,6
2003,4
2004,4
2005,2
2006,4
2007,2
2008,2
2009,2
2010,5
2011,3
2012,3
2013,2
2014,4
2015,5
2016,6
2017,6
2018,4
2019,3
2020,2
2021,2
2022,3
2023,4
2024,3
2025,2
2026,4
2027,2
2028,2
2029,3
2030,6
2031,6
2032,2
2033,3
2034,3
2035,6
2036,4
2037,4
2038,1
2039,2
2040,4
2041,1
2042,1
2043,2
2044,3
2045,1
2046,4
2047,3
2048,1
2049,2
2050,3
2051,3
2052,2
2053,4
2054,4
2055,1
2056,4
2057,6
2058,2
2059,6
2060,4
2061,3
2062,3
2063,3
2064,3
2065,4
2066,6
2067,1
2068,4
2069,4
2070,6
2071,5
2072,4
2073,2
2074,6
2075,3
2076,2
2077,3
2078,1
2079,4
2080,6
2081,2
2082,4
2083,3
2084,5
2085,2
2086,4
2087,2
2088,5
2089,4
2090,3
2091,3
2092,1
2093,6
2094,4
2095,3
2096,3
2097,3
2098,1
2099,4
2100,5
2101,4
2102,2
2103,2
2104,3
2105,2
2106,4
2107,4
2108,3
2109,1
2110,4
2111,6
2112,4
2113,4
2114,4
2115,2
2116,3
2117,4
2118,3
2119,2
2120,6
2121,2
2122,4
2123,2
2124,2
2125,3
2126,2
2127,4
2128,1
2129,6
2130,3
2131,2
2132,2
2133,5
2134,4
2135,1
2136,2
2137,4
2138,3
2139,3
2140,4
2141,4
2142,4
2143,1
2144,5
2145,4
2146,6
2147,2
2148,2
2149,1
2150,4
2151,2
2152,4
2153,2
2154,4
2155,3
2156,5
2157,5
2158,6
2159,4
2160,6
2161,2
2162,1
2163,2
2164,4
2165,4
2166,2
2167,1
2168,4
2169,4
2170,4
2171,3
2172,4
2173,6
2174,6
2175,3
2176,4
2177,5
2178,3
2179,4
2180,3
2181,2
2182,4
2183,4
2184,2
2185,4
2186,4
2187,2
2188,2
2189,4
2190,1
2191,3
2192,3
2193,1
2194,6
2195,2
2196,3
2197,3
2198,3
2199,4
2200,3
2201,1
2202,6
2203,6
2204,3
2205,2
2206,3
2207,3
2208,6
2209,2
2210,4
2211,3
2212,4
2213,4
2214,4
2215,3
2216,4
2217,6
2218,4
2219,4
2220,3
2221,2
2222,4
2223,5
2224,1
2225,2
2226,1
2227,2
2228,4
2229,2
2230,3
2231,3
2232,3
2233,2
2234,4
2235,4
2236,4
2237,2
2238,3
2239,5
2240,6
2241,4
2242,4
2243,2
2244,2
2245,3
2246,3
2247,3
2248,3
2249,1
2250,5
2251,2
2252,4
2253,6
2254,3
2255,2
2256,6
2257,5
2258,4
2259,3
2260,4
2261,3
2262,4
2263,6
2264,4
2265,4
2266,4
2267,6
2268,3
2269,3
2270,5
2271,5
2272,5
2273,5
2274,5
2275,4
2276,2
2277,3
2278,3
2279,2
2280,4
2281,4
2282,4
2283,3
2284,4
2285,4
2286,2
2287,6
2288,4
2289,1
2290,2
2291,6
2292,4
2293,3
2294,2
2295,2
2296,5
2297,3
2298,6
2299,4
2300,6
2301,4
2302,1
2303,1
2304,4
2305,4
2306,3
2307,3
2308,2
2309,4
2310,1
2311,4
2312,2
2313,2
2314,3
2315,3
2316,3
2317,3
2318,3
2319,4
2320,6
2321,1
2322,6
2323,1
2324,4
2325,6
2326,4
2327,3
2328,4
2329,3
2330,3
2331,1
2332,6
2333,4
2334,1
2335,3
2336,2
2337,3
2338,1
2339,2
2340,3
2341,2
2342,2
2343,3
2344,3
2345,4
2346,4
2347,6
2348,5
2349,4
2350,4
2351,4
2352,4
2353,2
2354,1
2355,4
2356,3
2357,4
2358,6
2359,3
2360,6
2361,4
2362,4
2363,4
2364,6
2365,2
2366,3
2367,2
2368,6
2369,2
2370,4
2371,2
2372,5
2373,4
2374,4
2375,4
2376,4
2377,4
2378,6
2379,3
2380,4
2381,4
2382,2
2383,3
2384,2
2385,2
2386,2
2387,1
2388,6
2389,2
2390,4
2391,4
2392,2
2393,2
2394,3
2395,3
2396,4
2397,3
2398,6
2399,6
2400,2
2401,5
2402,4
2403,2
2404,4
2405,4
2406,1
2407,6
2408,6
2409,1
2410,3
2411,4
2412,1
2413,4
2414,6
2415,2
2416,4
2417,3
2418,4
2419,4
2420,1
2421,6
2422,2
2423,4
2424,4
2425,2
2426,3
2427,4
2428,1
2429,4
2430,6
2431,1
2432,4
2433,1
2434,4
2435,4
2436,4
2437,4
2438,5
2439,4
2440,6
2441,1
2442,6
2443,1
2444,3
2445,2
2446,2
2447,6
2448,3
2449,2
2450,3
2451,2
2452,2
2453,4
2454,6
2455,3
2456,2
2457,3
2458,2
2459,4
2460,6
2461,1
2462,1
2463,4
2464,5
2465,4
2466,2
2467,1
2468,3
2469,2
2470,3
2471,3
2472,6
2473,3
2474,4
2475,6
2476,1
2477,6
2478,6
2479,5
2480,3
2481,5
2482,4
2483,3
2484,4
2485,4
2486,4
2487,1
2488,4
2489,5
2490,1
2491,4
2492,5
2493,6
2494,5
2495,2
2496,2
2497,5
2498,4
2499,1
2500,5
2501,4
2502,1
2503,2
2504,3
2505,4
2506,4
2507,4
2508,5
2509,4
2510,4
2511,4
2512,3
2513,4
2514,2
2515,2
2516,3
2517,3
2518,2
2519,4
2520,6
2521,5
2522,1
2523,1
2524,5
2525,3
2526,4
2527,4
2528,4
2529,3
2530,4
2531,1
2532,3
2533,3
2534,4
2535,2
2536,3
2537,2
2538,4
2539,4
2540,2
2541,3
2542,3
2543,2
2544,3
2545,2
2546,2
2547,6
2548,1
2549,6
2550,2
2551,2
2552,1
2553,1
2554,1
2555,4
2556,5
2557,3
2558,6
2559,3
2560,4
2561,3
2562,1
2563,4
2564,6
2565,4
2566,3
2567,6
2568,4
2569,2
2570,3
2571,4
2572,6
2573,6
2574,6
2575,4
2576,5
2577,4
2578,4
2579,2
2580,2
2581,3
2582,3
2583,4
2584,4
2585,6
2586,6
2587,1
2588,2
2589,4
2590,4
2591,4
2592,1
2593,6
2594,2
2595,3
2596,4
2597,2
2598,4
2599,1
2600,1
2601,3
2602,3
2603,6
2604,3
2605,3
2606,2
2607,2
2608,2
2609,2
2610,2
2611,1
2612,4
2613,4
2614,2
2615,4
2616,4
2617,1
2618,4
2619,3
2620,4
2621,4
2622,4
2623,2
2624,2
2625,4
2626,6
2627,4
2628,4
2629,4
2630,3
2631,1
2632,3
2633,2
2634,2
2635,5
2636,3
2637,3
2638,1
2639,1
2640,6
2641,6
2642,3
2643,3
2644,2
2645,4
2646,4
2647,3
2648,2
2649,5
2650,5
2651,3
2652,6
2653,6
2654,6
2655,3
2656,2
2657,2
2658,6
2659,3
2660,2
2661,6
2662,6
2663,4
2664,3
2665,3
2666,6
2667,4
2668,4
2669,3
2670,5
2671,5
2672,2
2673,3
2674,6
2675,2
2676,2
2677,2
2678,3
2679,6
2680,4
2681,4
2682,1
2683,4
2684,4
2685,1
2686,1
2687,3
2688,6
2689,3
2690,2
2691,3
2692,4
2693,4
2694,4
2695,3
2696,6
2697,6
2698,1
2699,4
2700,6
2701,2
2702,2
2703,3
2704,3
2705,4
2706,4
2707,3
2708,1
2709,2
2710,2
2711,5
2712,3
2713,3
2714,3
2715,3
2716,2
2717,4
2718,3
2719,6
2720,1
2721,2
2722,3
2723,2
2724,3
2725,1
2726,3
2727,4
2728,3
2729,3
2730,4
2731,6
2732,6
2733,2
2734,1
2735,2
2736,1
2737,4
2738,3
2739,6
2740,1
2741,4
2742,1
2743,5
2744,4
2745,2
2746,4
2747,2
2748,4
2749,2
2750,3
2751,3
2752,3
2753,6
2754,2
2755,4
2756,3
2757,2
2758,2
2759,3
2760,2
2761,4
2762,6
2763,3
2764,4
2765,4
2766,4
2767,4
2768,5
2769,5
2770,4
2771,4
2772,4
2773,3
2774,2
2775,5
2776,6
2777,4
2778,3
2779,3
2780,4
2781,4
2782,4
2783,3
2784,5
2785,4
2786,2
2787,3
2788,3
2789,3
2790,3
2791,1
2792,4
2793,4
2794,2
2795,2
2796,1
2797,4
2798,2
2799,3
2800,2
2801,3
2802,4
2803,2
2804,2
2805,3
2806,2
2807,2
2808,2
2809,4
2810,4
2811,3
2812,6
2813,1
2814,4
2815,4
2816,4
2817,6
2818,4
2819,3
2820,4
2821,6
2822,4
2823,6
2824,1
2825,3
2826,1
2827,2
2828,4
2829,2
2830,2
2831,6
2832,2
2833,4
2834,1
2835,4
2836,4
2837,4
2838,4
2839,2
2840,4
2841,6
2842,1
2843,4
2844,3
2845,6
2846,4
2847,4
2848,4
2849,6
2850,3
2851,4
2852,1
2853,4
2854,3
2855,4
2856,4
2857,1
2858,1
2859,2
2860,4
2861,4
2862,2
2863,4
2864,4
2865,2
2866,2
2867,1
2868,3
2869,1
2870,2
2871,4
2872,1
2873,1
2874,2
2875,3
2876,4
2877,3
2878,2
2879,4
2880,4
2881,2
2882,2
2883,2
2884,2
2885,5
2886,3
2887,2
2888,3
2889,4
2890,6
2891,4
2892,4
2893,4
2894,3
2895,4
2896,2
2897,4
2898,2
2899,4
2900,6
2901,6
2902,1
2903,4
2904,4
2905,4
2906,6
2907,3
2908,4
2909,5
2910,5
2911,4
2912,4
2913,4
2914,4
2915,4
2916,4
2917,4
2918,3
2919,5
2920,3
2921,2
2922,6
2923,2
2924,4
2925,6
2926,5
2927,3
2928,3
2929,3
2930,3
2931,6
2932,4
2933,4
2934,2
2935,1
2936,2
2937,2
2938,3
2939,2
2940,3
2941,5
2942,3
2943,1
2944,1
2945,2
2946,4
2947,5
2948,3
2949,4
2950,6
2951,5
2952,1
2953,1
2954,5
2955,3
2956,4
2957,4
2958,2
2959,4
2960,4
2961,3
2962,2
2963,3
2964,1
2965,4
2966,5
2967,4
2968,3
2969,2
2970,2
2971,3
2972,4
2973,1
2974,1
2975,4
2976,4
2977,4
2978,4
2979,4
2980,4
2981,3
2982,3
2983,3
2984,3
2985,2
2986,2
2987,4
2988,4
2989,4
2990,3
2991,2
2992,2
2993,4
2994,6
2995,1
2996,3
2997,6
2998,4
2999,4
3000,4
3001,4
3002,6
3003,3
3004,3
3005,2
3006,5
3007,2
3008,4
3009,2
3010,6
3011,4
3012,6
3013,1
3014,4
3015,1
3016,4
3017,3
3018,3
3019,2
3020,2
3021,3
3022,6
3023,6
3024,1
3025,4
3026,2
3027,1
3028,6
3029,4
3030,5
3031,4
3032,6
3033,4
3034,3
3035,3
3036,4
3037,2
3038,6
3039,3
3040,1
3041,2
3042,1
3043,4
3044,3
3045,2
3046,3
3047,4
3048,4
3049,6
3050,6
3051,1
3052,1
3053,2
3054,2
3055,6
3056,2
3057,2
3058,4
3059,6
3060,4
3061,4
3062,2
3063,2
3064,2
3065,2
3066,4
3067,4
3068,1
3069,3
3070,2
3071,2
3072,3
3073,3
3074,2
3075,1
3076,1
3077,4
3078,4
3079,3
3080,2
3081,3
3082,4
3083,1
3084,4
3085,4
3086,6
3087,4
3088,1
3089,6
3090,4
3091,2
3092,4
3093,5
3094,2
3095,4
3096,4
3097,3
3098,4
3099,6
3100,2
3101,4
3102,2
3103,3
3104,4
3105,2
3106,2
3107,4
3108,6
3109,3
3110,4
3111,3
3112,1
3113,3
3114,4
3115,1
3116,2
3117,4
3118,3
3119,3
3120,3
3121,4
3122,4
3123,3
3124,3
3125,3
3126,3
3127,2
3128,4
3129,2
3130,1
3131,6
3132,6
3133,6
3134,1
3135,4
3136,6
3137,4
3138,4
3139,3
3140,3
3141,3
3142,2
3143,2
3144,2
3145,4
3146,2
3147,6
3148,2
3149,4
3150,1
3151,6
3152,3
3153,6
3154,4
3155,3
3156,4
3157,6
3158,3
3159,5
3160,3
3161,4
3162,4
3163,5
3164,1
3165,4
3166,4
3167,4
3168,6
3169,1
3170,1
3171,3
3172,2
3173,2
3174,2
3175,4
3176,2
3177,2
3178,2
3179,3
3180,2
3181,2
3182,4
3183,1
3184,1
3185,4
3186,3
3187,4
3188,4
3189,4
3190,5
3191,4
3192,6
3193,4
3194,3
3195,2
3196,4
3197,6
3198,4
3199,1
3200,4
3201,4
3202,4
3203,6
3204,1
3205,4
3206,2
3207,4
3208,2
3209,3
3210,3
3211,2
3212,2
3213,4
3214,4
3215,6
3216,5
3217,3
3218,2
3219,3
3220,4
3221,4
3222,6
3223,6
3224,4
3225,4
3226,6
3227,1
3228,4
3229,6
3230,6
3231,6
3232,1
3233,6
3234,6
3235,4
3236,2
3237,6
3238,4
3239,2
3240,4
3241,2
3242,3
3243,5
3244,2
3245,2
3246,2
3247,4
3248,3
3249,3
3250,2
3251,2
3252,2
3253,3
3254,1
3255,4
3256,4
3257,2
3258,4
3259,4
3260,6
3261,3
3262,4
3263,4
3264,2
3265,4
3266,4
3267,3
3268,6
3269,3
3270,1
3271,4
3272,6
3273,6
3274,1
3275,4
3276,6
3277,3
3278,5
3279,5
3280,2
3281,5
3282,2
3283,5
3284,2
3285,4
3286,4
3287,1
3288,4
3289,5
3290,2
3291,4
3292,5
3293,3
3294,5
3295,3
3296,4
3297,1
3298,6
3299,1
3300,1
3301,3
3302,1
3303,3
3304,3
3305,3
3306,5
3307,3
3308,4
3309,4
3310,3
3311,3
3312,5
3313,5
3314,4
3315,4
3316,1
3317,6
3318,4
3319,3
3320,6
3321,3
3322,1
3323,4
3324,3
3325,6
3326,6
3327,4
3328,4
3329,2
3330,3
3331,4
3332,6
3333,1
3334,6
3335,1
3336,1
3337,2
3338,2
3339,2
3340,3
3341,1
3342,2
3343,3
3344,5
3345,4
3346,4
3347,3
3348,3
3349,4
3350,4
3351,2
3352,2
3353,2
3354,3
3355,6
3356,4
3357,4
3358,5
3359,6
3360,6
3361,6
3362,6
3363,2
3364,5
3365,4
3366,4
3367,4
3368,6
3369,4
3370,4
3371,2
3372,6
3373,1
3374,2
3375,4
3376,2
3377,4
3378,4
3379,6
3380,3
3381,6
3382,6
3383,4
3384,6
3385,6
3386,4
3387,4
3388,4
3389,2
3390,6
3391,4
3392,3
3393,3
3394,4
3395,4
3396,4
3397,3
3398,2
3399,5
3400,4
3401,2
3402,2
3403,2
3404,2
3405,4
3406,3
3407,6
3408,1
3409,2
3410,3
3411,4
3412,2
3413,2
3414,1
3415,2
3416,2
3417,3
3418,3
3419,4
3420,3
3421,4
3422,3
3423,4
3424,1
3425,6
3426,3
3427,1
3428,3
3429,3
3430,3
3431,4
3432,2
3433,3
3434,2
3435,2
3436,2
3437,2
3438,3
3439,3
3440,4
3441,4
3442,4
3443,4
3444,3
3445,4
3446,3
3447,3
3448,3
3449,5
3450,5
3451,3
3452,4
3453,3
3454,5
3455,4
3456,4
3457,4
3458,5
3459,4
3460,3
3461,3
3462,4
3463,4
3464,2
3465,4
3466,6
3467,6
3468,3
3469,4
3470,2
3471,4
3472,3
3473,2
3474,4
3475,1
3476,6
3477,4
3478,6
3479,4
3480,6
3481,4
3482,4
3483,3
3484,4
3485,2
3486,3
3487,4
3488,3
3489,3
3490,6
3491,3
3492,6
3493,6
3494,6
3495,2
3496,4
3497,6
3498,3
3499,2
3500,4
3501,1
3502,3
3503,1
3504,4
3505,3
3506,4
3507,3
3508,4
3509,6
3510,2
3511,6
3512,1
3513,3
3514,1
3515,6
3516,2
3517,4
3518,3
3519,3
3520,4
3521,1
3522,1
3523,2
3524,4
3525,4
3526,4
3527,3
3528,2
3529,2
3530,4
3531,4
3532,2
3533,3
3534,4
3535,1
3536,4
3537,6
3538,2
3539,4
3540,3
3541,2
3542,3
3543,6
3544,6
3545,2
3546,5
3547,1
3548,6
3549,3
3550,4
3551,4
3552,3
3553,3
3554,4
3555,2
3556,3
3557,4
3558,5
3559,2
3560,2
3561,4
3562,2
3563,6
3564,5
3565,6
3566,6
3567,4
3568,6
3569,1
3570,6
3571,2
3572,1
3573,1
3574,3
3575,4
3576,1
3577,4
3578,5
3579,4
3580,1
3581,3
3582,4
3583,3
3584,2
3585,3
3586,1
3587,4
3588,4
3589,3
3590,5
3591,3
3592,3
3593,3
3594,1
3595,3
3596,4
3597,4
3598,4
3599,6
3600,4
3601,4
3602,2
3603,6
3604,4
3605,2
3606,4
3607,3
3608,4
3609,3
3610,6
3611,1
3612,4
3613,4
3614,4
3615,1
3616,4
3617,1
3618,3
3619,5
3620,2
3621,3
3622,5
3623,4
3624,5
3625,3
3626,2
3627,4
3628,2
3629,5
3630,2
3631,3
3632,2
3633,3
3634,2
3635,2
3636,3
3637,3
3638,4
3639,6
3640,1
3641,1
3642,4
3643,4
3644,6
3645,2
3646,2
3647,2
3648,2
3649,2
3650,4
3651,1
3652,4
3653,6
3654,4
3655,3
3656,1
3657,4
3658,2
3659,1
3660,3
3661,4
3662,4
3663,3
3664,4
3665,1
3666,4
3667,6
3668,3
3669,3
3670,3
3671,2
3672,4
3673,4
3674,2
3675,4
3676,3
3677,6
3678,2
3679,3
3680,3
3681,2
3682,2
3683,4
3684,5
3685,4
3686,2
3687,2
3688,4
3689,2
3690,3
3691,6
3692,4
3693,3
3694,3
3695,4
3696,4
3697,6
3698,5
3699,5
3700,2
3701,3
3702,4
3703,4
3704,3
3705,4
3706,6
3707,2
3708,4
3709,2
3710,2
3711,4
3712,4
3713,4
3714,2
3715,2
3716,1
3717,6
3718,3
3719,4
3720,4
3721,1
3722,6
3723,6
3724,6
3725,6
3726,4
3727,4
3728,2
3729,4
3730,3
3731,3
3732,2
3733,2
3734,6
3735,2
3736,6
3737,3
3738,4
3739,5
3740,3
3741,2
3742,3
3743,2
3744,3
3745,4
3746,3
3747,4
3748,4
3749,1
3750,6
3751,4
3752,2
3753,2
3754,3
3755,1
3756,4
3757,2
3758,2
3759,4
3760,3
3761,4
3762,1
3763,1
3764,3
3765,1
3766,5
3767,4
3768,2
3769,3
3770,2
3771,4
3772,2
3773,2
3774,3
3775,4
3776,1
3777,4
3778,4
3779,4
3780,6
3781,1
3782,4
3783,4
3784,2
3785,1
3786,3
3787,3
3788,5
3789,4
3790,3
3791,3
3792,2
3793,3
3794,6
3795,1
3796,4
3797,3
3798,3
3799,4
3800,6
3801,2
3802,2
3803,4
3804,4
3805,3
3806,4
3807,4
3808,2
3809,2
3810,6
3811,6
3812,1
3813,6
3814,2
3815,3
3816,4
3817,6
3818,6
3819,1
3820,4
3821,3
3822,4
3823,1
3824,4
3825,4
3826,4
3827,4
3828,5
3829,2
3830,6
3831,6
3832,6
3833,4
3834,4
3835,1
3836,3
3837,6
3838,6
3839,4
3840,1
3841,3
3842,2
3843,5
3844,3
3845,3
3846,3
3847,3
3848,1
3849,1
3850,4
3851,5
3852,4
3853,2
3854,3
3855,2
3856,3
3857,3
3858,2
3859,6
3860,6
3861,4
3862,4
3863,1
3864,4
3865,3
3866,3
3867,4
3868,4
3869,5
3870,4
3871,4
3872,1
3873,2
3874,3
3875,5
3876,2
3877,3
3878,2
3879,3
3880,3
3881,2
3882,3
3883,5
3884,2
3885,4
3886,4
3887,4
3888,4
3889,3
3890,4
3891,4
3892,3
3893,3
3894,4
3895,3
3896,1
3897,4
3898,4
3899,1
3900,3
3901,4
3902,1
3903,4
3904,1
3905,6
3906,4
3907,6
3908,4
3909,4
3910,4
3911,5
3912,2
3913,6
3914,6
3915,5
3916,4
3917,3
3918,2
3919,4
3920,4
3921,4
3922,3
3923,4
3924,3
3925,4
3926,4
3927,2
3928,5
3929,1
3930,4
3931,2
3932,4
3933,2
3934,3
3935,2
3936,3
3937,2
3938,4
3939,4
3940,2
3941,3
3942,2
3943,3
3944,1
3945,3
3946,4
3947,6
3948,4
3949,5
3950,3
3951,3
3952,3
3953,3
3954,1
3955,3
3956,4
3957,4
3958,4
3959,4
3960,3
3961,3
3962,2
3963,4
3964,4
3965,3
3966,1
3967,4
3968,4
3969,3
3970,3
3971,2
3972,2
3973,4
3974,3
3975,3
3976,4
3977,3
3978,4
3979,3
3980,2
3981,1
3982,2
3983,1
3984,2
3985,2
3986,4
3987,4
3988,4
3989,2
3990,3
3991,3
3992,4
3993,4
3994,3
3995,2
3996,5
3997,4
3998,6
3999,1
4000,4
4001,2
4002,1
4003,4
4004,3
4005,2
4006,3
4007,3
4008,4
4009,3
4010,2
4011,3
4012,4
4013,5
4014,5
4015,5
4016,3
4017,3
4018,2
4019,2
4020,3
4021,2
4022,4
4023,1
4024,6
4025,4
4026,6
4027,3
4028,5
4029,3
4030,3
4031,1
4032,6
4033,1
4034,6
4035,4
4036,1
4037,3
4038,4
4039,2
4040,5
4041,4
4042,3
4043,4
4044,2
4045,3
4046,2
4047,4
4048,3
4049,1
4050,6
4051,3
4052,4
4053,6
4054,4
4055,6
4056,5
4057,2
4058,4
4059,2
4060,4
4061,4
4062,2
4063,4
4064,3
4065,4
4066,2
4067,3
4068,5
4069,3
4070,3
4071,3
4072,2
4073,1
4074,3
4075,1
4076,4
4077,3
4078,3
4079,2
4080,5
4081,4
4082,4
4083,6
4084,3
4085,2
4086,2
4087,3
4088,2
4089,2
4090,2
4091,2
4092,6
4093,6
4094,4
4095,4
4096,6
4097,6
4098,3
4099,6
4100,6
4101,1
4102,4
4103,2
4104,4
4105,2
4106,5
4107,2
4108,4
4109,6
4110,6
4111,4
4112,4
4113,1
4114,3
4115,4
4116,3
4117,3
4118,2
4119,5
4120,3
4121,6
4122,4
4123,4
4124,3
4125,3
4126,3
4127,4
4128,4
4129,2
4130,3
4131,4
4132,2
4133,3
4134,2
4135,4
4136,3
4137,3
4138,3
4139,3
4140,4
4141,2
4142,1
4143,2
4144,3
4145,4
4146,6
4147,6
4148,1
4149,4
4150,3
4151,4
4152,3
4153,4
4154,6
4155,2
4156,2
4157,6
4158,3
4159,2
4160,2
4161,3
4162,3
4163,2
4164,5
4165,3
4166,3
4167,4
4168,4
4169,2
4170,3
4171,1
4172,4
4173,4
4174,5
4175,5
4176,3
4177,3
4178,4
4179,5
4180,4
4181,6
4182,4
4183,4
4184,2
4185,2
4186,4
4187,3
4188,4
4189,6
4190,3
4191,4
4192,6
4193,2
4194,4
4195,2
4196,2
4197,5
4198,4
4199,4
4200,4
4201,6
4202,4
4203,2
4204,4
4205,3
4206,4
4207,1
4208,6
4209,4
4210,3
4211,2
4212,4
4213,3
4214,4
4215,6
4216,2
4217,4
4218,4
4219,2
4220,4
4221,4
4222,4
4223,3
4224,4
4225,5
4226,1
4227,2
4228,4
4229,3
4230,5
4231,3
4232,3
4233,3
4234,3
4235,4
4236,3
4237,3
4238,2
4239,1
4240,1
4241,2
4242,2
4243,3
4244,5
4245,2
4246,3
4247,2
4248,4
4249,2
4250,2
4251,4
4252,4
4253,2
4254,3
4255,2
4256,3
4257,4
4258,3
4259,4
4260,3
4261,4
4262,3
4263,3
4264,3
4265,4
4266,3
4267,4
4268,4
4269,1
4270,3
4271,4
4272,3
4273,4
4274,3
4275,6
4276,4
4277,4
4278,5
4279,2
4280,4
4281,3
4282,6
4283,1
4284,3
4285,3
4286,4
4287,2
4288,2
4289,4
4290,2
4291,2
4292,4
4293,3
4294,3
4295,6
4296,2
4297,4
4298,4
4299,4
4300,2
4301,6
4302,4
4303,2
4304,2
4305,3
4306,4
4307,1
4308,4
4309,6
4310,4
4311,4
4312,3
4313,3
4314,2
4315,4
4316,6
4317,6
4318,2
4319,3
4320,1
4321,1
4322,3
4323,1
4324,3
4325,2
4326,4
4327,4
4328,5
4329,4
4330,4
4331,4
4332,6
4333,6
4334,6
4335,6
4336,4
4337,3
4338,4
4339,3
4340,2
4341,2
4342,3
4343,1
4344,2
4345,4
4346,1
4347,1
4348,5
4349,3
4350,1
4351,4
4352,3
4353,2
4354,2
4355,4
4356,4
4357,2
4358,3
4359,3
4360,2
4361,4
4362,2
4363,2
4364,4
4365,3
4366,1
4367,4
4368,1
4369,3
4370,3
4371,4
4372,2
4373,3
4374,4
4375,2
4376,2
4377,2
4378,3
4379,3
4380,4
4381,4
4382,3
4383,4
4384,4
4385,4
4386,6
4387,1
4388,6
4389,2
4390,4
4391,3
4392,4
4393,4
4394,3
4395,3
4396,3
4397,5
4398,3
4399,4
4400,3
4401,2
4402,4
4403,4
4404,6
4405,3
4406,5
4407,6
4408,1
4409,6
4410,2
4411,4
4412,3
4413,3
4414,4
4415,3
4416,4
4417,4
4418,3
4419,2
4420,4
4421,2
4422,2
4423,3
4424,1
4425,4
4426,4
4427,4
4428,4
4429,4
4430,5
4431,4
4432,4
4433,6
4434,6
4435,6
4436,3
4437,6
4438,2
4439,4
4440,4
4441,4
4442,3
4443,3
4444,3
4445,2
4446,5
4447,4
4448,4
4449,1
4450,4
4451,3
4452,3
4453,4
4454,6
4455,6
4456,5
4457,2
4458,2
4459,2
4460,4
4461,2
4462,3
4463,3
4464,4
4465,5
4466,4
4467,3
4468,6
4469,6
4470,2
4471,4
4472,3
4473,3
4474,1
4475,1
4476,4
4477,2
4478,2
4479,3
4480,4
4481,4
4482,5
4483,4
4484,3
4485,3
4486,6
4487,6
4488,6
4489,6
4490,3
4491,3
4492,3
4493,4
4494,4
4495,4
4496,1
4497,1
4498,5
4499,4
4500,2
4501,3
4502,3
4503,6
4504,4
4505,3
4506,3
4507,3
4508,3
4509,2
4510,2
4511,2
4512,3
4513,3
4514,1
4515,4
4516,6
4517,6
4518,4
4519,3
4520,4
4521,2
4522,3
4523,4
4524,4
4525,2
4526,2
4527,2
4528,2
4529,1
4530,2
4531,5
4532,2
4533,6
4534,1
4535,6
4536,3
4537,2
4538,3
4539,3
4540,4
4541,6
4542,4
4543,2
4544,4
4545,3
4546,4
4547,5
4548,3
4549,3
4550,4
4551,3
4552,4
4553,6
4554,3
4555,1
4556,4
4557,3
4558,4
4559,3
4560,4
4561,3
4562,4
4563,2
4564,1
4565,4
4566,4
4567,3
4568,2
4569,3
4570,4
4571,5
4572,2
4573,2
4574,5
4575,2
4576,1
4577,1
4578,2
4579,5
4580,4
4581,3
4582,2
4583,2
4584,2
4585,2
4586,3
4587,6
4588,4
4589,3
4590,3
4591,3
4592,6
4593,1
4594,3
4595,4
4596,2
4597,2
4598,3
4599,2
4600,6
4601,6
4602,4
4603,6
4604,5
4605,5
4606,2
4607,5
4608,3
4609,3
4610,2
4611,6
4612,4
4613,4
4614,4
4615,6
4616,4
4617,2
4618,5
4619,6
4620,6
4621,3
4622,3
4623,2
4624,2
4625,2
4626,2
4627,5
4628,5
4629,5
4630,5
4631,3
4632,2
4633,3
4634,4
4635,4
4636,3
4637,3
4638,6
4639,3
4640,3
4641,3
4642,4
4643,2
4644,2
4645,6
4646,4
4647,4
4648,3
4649,1
4650,2
4651,1
4652,1
4653,3
4654,4
4655,1
4656,3
4657,4
4658,6
4659,1
4660,6
4661,6
4662,5
4663,6
4664,2
4665,4
4666,3
4667,2
4668,3
4669,5
4670,2
4671,2
4672,2
4673,3
4674,3
4675,3
4676,4
4677,4
4678,6
4679,1
4680,4
4681,4
4682,3
4683,4
4684,3
4685,4
4686,3
4687,3
4688,6
4689,2
4690,3
4691,3
4692,3
4693,5
4694,3
4695,3
4696,4
4697,4
4698,4
4699,2
4700,3
4701,4
4702,3
4703,6
4704,4
4705,3
4706,4
4707,3
4708,3
4709,2
4710,4
4711,6
4712,6
4713,4
4714,2
4715,2
4716,4
4717,3
4718,4
4719,2
4720,4
4721,5
4722,3
4723,4
4724,3
4725,2
4726,3
4727,2
4728,2
4729,4
4730,3
4731,3
4732,3
4733,4
4734,6
4735,4
4736,3
4737,4
4738,3
4739,4
4740,4
4741,2
4742,6
4743,4
4744,4
4745,3
4746,3
4747,4
4748,4
4749,4
4750,3
4751,6
4752,6
4753,2
4754,3
4755,2
4756,3
4757,3
4758,1
4759,4
4760,6
4761,4
4762,3
4763,4
4764,3
4765,3
4766,2
4767,4
4768,4
4769,4
4770,3
4771,2
4772,4
4773,4
4774,4
4775,3
4776,4
4777,2
4778,4
4779,4
4780,3
4781,1
4782,2
4783,2
4784,2
4785,3
4786,3
4787,4
4788,2
4789,3
4790,6
4791,3
4792,4
4793,6
4794,1
4795,4
4796,1
4797,4
4798,6
4799,4
4800,4
4801,4
4802,3
4803,4
4804,3
4805,3
4806,4
4807,6
4808,4
4809,4
4810,4
4811,6
4812,6
4813,3
4814,4
4815,1
4816,6
4817,4
4818,4
4819,4
4820,3
4821,3
4822,2
4823,6
4824,4
4825,1
4826,6
4827,6
4828,1
4829,4
4830,3
4831,4
4832,4
4833,4
4834,3
4835,4
4836,4
4837,3
4838,1
4839,6
4840,4
4841,1
4842,3
4843,6
4844,2
4845,3
4846,3
4847,2
4848,2
4849,2
4850,4
4851,2
4852,2
4853,1
4854,1
4855,6
4856,6
4857,5
4858,6
4859,4
4860,2
4861,2
4862,2
4863,4
4864,2
4865,2
4866,2
4867,2
4868,3
4869,2
4870,2
4871,5
4872,4
4873,4
4874,6
4875,6
4876,2
4877,6
4878,6
4879,2
4880,6
4881,2
4882,3
4883,3
4884,4
4885,4
4886,2
4887,3
4888,4
4889,3
4890,5
4891,4
4892,4
4893,2
4894,2
4895,4
4896,2
4897,2
4898,3
4899,4
4900,4
4901,6
4902,2
4903,6
4904,1
4905,1
4906,4
4907,4
4908,4
4909,3
4910,6
4911,2
4912,1
4913,1
4914,1
4915,2
4916,4
4917,5
4918,3
4919,5
4920,4
4921,2
4922,3
4923,3
4924,4
4925,4
4926,6
4927,6
4928,6
4929,5
4930,4
4931,2
4932,1
4933,3
4934,3
4935,2
4936,4
4937,4
4938,4
4939,2
4940,1
4941,3
4942,6
4943,4
4944,4
4945,3
4946,3
4947,3
4948,3
4949,4
4950,4
4951,2
4952,2
4953,1
4954,4
4955,4
4956,4
4957,4
4958,4
4959,5
4960,5
4961,5
4962,5
4963,3
4964,2
4965,4
4966,2
4967,2
4968,2
4969,2
4970,4
4971,3
4972,6
4973,4
4974,4
4975,4
4976,4
4977,3
4978,4
4979,3
4980,4
4981,6
4982,6
4983,3
4984,3
4985,4
4986,4
4987,4
4988,4
4989,2
4990,3
4991,6
4992,4
4993,4
4994,4
4995,6
4996,4
4997,6
4998,4
4999,6
5000,5
5001,3
5002,3
5003,2
5004,6
5005,4
5006,1
5007,3
5008,1
5009,2
5010,6
5011,3
5012,3
5013,3
5014,4
5015,6
5016,4
5017,4
5018,3
5019,6
5020,3
5021,6
5022,3
5023,4
5024,3
5025,3
5026,4
5027,4
5028,4
5029,2
5030,2
5031,4
5032,1
5033,6
5034,3
5035,3
5036,2
5037,4
5038,3
5039,4
5040,4
5041,2
5042,3
5043,3
5044,3
5045,2
5046,6
5047,3
5048,3
5049,3
5050,6
5051,4
5052,1
5053,5
5054,2
5055,4
5056,4
5057,3
5058,3
5059,4
5060,6
5061,3
5062,3
5063,4
5064,6
5065,4
5066,1
5067,3
5068,3
5069,3
5070,1
5071,2
5072,4
5073,3
5074,3
5075,2
5076,3
5077,3
5078,4
5079,3
5080,2
5081,4
5082,3
5083,4
5084,4
5085,3
5086,2
5087,3
5088,3
5089,2
5090,4
5091,6
5092,3
5093,6
5094,6
5095,2
5096,3
5097,3
5098,4
5099,6
5100,6
5101,3
5102,4
5103,3
5104,3
5105,1
5106,1
5107,3
5108,2
5109,6
5110,4
5111,4
5112,4
5113,3
5114,2
5115,2
5116,3
5117,3
5118,3
5119,2
5120,4
5121,2
5122,1
5123,4
5124,2
5125,2
5126,3
5127,3
5128,3
5129,3
5130,6
5131,6
5132,4
5133,1
5134,3
5135,4
5136,3
5137,3
5138,2
5139,4
5140,5
5141,4
5142,2
5143,6
5144,4
5145,2
5146,3
5147,5
5148,3
5149,1
5150,2
5151,4
5152,4
5153,3
5154,4
5155,3
5156,2
5157,2
5158,4
5159,4
5160,2
5161,4
5162,4
5163,2
5164,6
5165,1
5166,2
5167,4
5168,3
5169,2
5170,3
5171,4
5172,3
5173,3
5174,4
5175,5
5176,4
5177,6
5178,3
5179,4
5180,2
5181,2
5182,2
5183,3
5184,2
5185,2
5186,2
5187,4
5188,3
5189,4
5190,2
5191,4
5192,4
5193,6
5194,4
5195,4
5196,3
5197,3
5198,3
5199,3
5200,3
5201,2
5202,3
5203,4
5204,4
5205,1
5206,6
5207,4
5208,1
5209,1
5210,1
5211,4
5212,2
5213,3
5214,3
5215,6
5216,2
5217,3
5218,3
5219,6
5220,2
5221,6
5222,2
5223,4
5224,3
5225,3
5226,4
5227,4
5228,2
5229,4
5230,3
5231,5
5232,2
5233,1
5234,6
5235,3
5236,5
5237,2
5238,2
5239,3
5240,4
5241,4
5242,2
5243,1
5244,4
5245,1
5246,2
5247,2
5248,1
5249,6
5250,2
5251,6
5252,6
5253,6
5254,4
5255,3
5256,4
5257,2
5258,4
5259,2
5260,1
5261,3
5262,2
5263,1
5264,4
5265,3
5266,4
5267,5
5268,4
5269,4
5270,4
5271,5
5272,3
5273,4
5274,6
5275,1
5276,3
5277,2
5278,3
5279,6
5280,6
5281,4
5282,2
5283,3
5284,2
5285,4
5286,3
5287,6
5288,6
5289,4
5290,3
5291,1
5292,4
5293,3
5294,2
5295,5
5296,2
5297,4
5298,4
5299,1
5300,4
5301,4
5302,2
5303,3
5304,2
5305,3
5306,2
5307,2
5308,3
5309,4
5310,4
5311,5
5312,4
5313,6
5314,4
5315,6
5316,6
5317,4
5318,4
5319,3
5320,4
5321,3
5322,5
5323,4
5324,3
5325,3
5326,3
5327,4
5328,3
5329,4
5330,1
5331,2
5332,4
5333,4
5334,1
5335,3
5336,4
5337,5
5338,2
5339,3
5340,3
5341,2
5342,3
5343,4
5344,2
5345,4
5346,3
5347,3
5348,2
5349,6
5350,2
5351,4
5352,2
5353,1
5354,1
5355,6
5356,4
5357,4
5358,3
5359,3
5360,1
5361,1
5362,3
5363,3
5364,3
5365,4
5366,4
5367,1
5368,3
5369,3
5370,4
5371,3
5372,3
5373,5
5374,4
5375,6
5376,4
5377,2
5378,2
5379,2
5380,4
5381,4
5382,1
5383,2
5384,3
5385,2
5386,4
5387,4
5388,5
5389,2
5390,4
5391,4
5392,2
5393,1
5394,2
5395,3
5396,2
5397,1
5398,4
5399,2
5400,3
5401,6
5402,1
5403,3
5404,3
5405,4
5406,3
5407,3
5408,4
5409,4
5410,4
5411,4
5412,2
5413,2
5414,3
5415,6
5416,4
5417,4
5418,4
5419,3
5420,1
5421,2
5422,2
5423,2
5424,3
5425,4
5426,6
5427,6
5428,2
5429,2
5430,2
5431,2
5432,2
5433,2
5434,2
5435,4
5436,2
5437,2
5438,2
5439,2
5440,2
5441,4
5442,1
5443,1
5444,2
5445,3
5446,3
5447,4
5448,3
5449,4
5450,6
5451,1
5452,1
5453,6
5454,2
5455,4
5456,4
5457,4
5458,4
5459,1
5460,4
5461,1
5462,2
5463,3
5464,3
5465,6
5466,1
5467,4
5468,6
5469,1
5470,4
5471,4
5472,3
5473,2
5474,1
5475,3
5476,2
5477,4
5478,4
5479,6
5480,1
5481,1
5482,4
5483,6
5484,2
5485,3
5486,4
5487,3
5488,6
5489,2
5490,2
5491,4
5492,4
5493,4
5494,1
5495,6
5496,1
5497,6
5498,1
5499,6
5500,4
5501,4
5502,2
5503,4
5504,2
5505,2
5506,2
5507,4
5508,4
5509,6
5510,4
5511,3
5512,4
5513,3
5514,3
5515,4
5516,5
5517,4
5518,4
5519,6
5520,3
5521,6
5522,6
5523,2
5524,4
5525,2
5526,1
5527,1
5528,5
5529,2
5530,6
5531,3
5532,4
5533,4
5534,3
5535,2
5536,2
5537,3
5538,6
5539,6
5540,3
5541,4
5542,4
5543,3
5544,4
5545,6
5546,6
5547,4
5548,2
5549,2
5550,2
5551,5
5552,3
5553,1
5554,2
5555,5
5556,3
5557,4
5558,2
5559,4
5560,3
5561,3
5562,2
5563,3
5564,6
5565,2
5566,4
5567,4
5568,4
5569,2
5570,3
5571,3
5572,4
5573,3
5574,3
5575,6
5576,1
5577,6
5578,6
5579,3
5580,2
5581,3
5582,3
5583,3
5584,4
5585,6
5586,4
5587,3
5588,5
5589,2
5590,2
5591,6
5592,5
5593,3
5594,6
5595,6
5596,4
5597,4
5598,4
5599,3
5600,3
5601,4
5602,3
5603,4
5604,5
5605,3
5606,3
5607,2
5608,4
5609,6
5610,1
5611,2
5612,2
5613,2
5614,2
5615,2
5616,4
5617,3
5618,6
5619,2
5620,4
5621,1
5622,3
5623,2
5624,5
5625,4
5626,1
5627,4
5628,4
5629,4
5630,6
5631,4
5632,4
5633,2
5634,6
5635,4
5636,4
5637,3
5638,4
5639,2
5640,4
5641,4
5642,4
5643,6
5644,3
5645,4
5646,3
5647,4
5648,4
5649,6
5650,6
5651,3
5652,4
5653,4
5654,1
5655,3
5656,6
5657,1
5658,6
5659,2
5660,1
5661,4
5662,1
5663,3
5664,6
5665,6
5666,1
5667,4
5668,3
5669,4
5670,4
5671,6
5672,2
5673,1
5674,4
5675,3
5676,6
5677,4
5678,3
5679,2
5680,4
5681,2
5682,2
5683,6
5684,6
5685,4
5686,5
5687,6
5688,1
5689,2
5690,2
5691,4
5692,3
5693,6
5694,5
5695,3
5696,2
5697,2
5698,2
5699,3
5700,2
5701,2
5702,4
5703,4
5704,4
5705,4
5706,4
5707,2
5708,1
5709,3
5710,2
5711,3
5712,4
5713,2
5714,6
5715,5
5716,4
5717,6
5718,4
5719,3
5720,3
5721,6
5722,6
5723,2
5724,3
5725,2
5726,2
5727,4
5728,6
5729,3
5730,3
5731,4
5732,4
5733,4
5734,4
5735,4
5736,4
5737,4
5738,3
5739,1
5740,3
5741,4
5742,2
5743,1
5744,4
5745,6
5746,4
5747,3
5748,1
5749,1
5750,4
5751,2
5752,4
5753,3
5754,3
5755,4
5756,4
5757,4
5758,6
5759,4
5760,3
5761,6
5762,6
5763,3
5764,6
5765,6
5766,4
5767,1
5768,3
5769,4
5770,2
5771,4
5772,2
5773,2
5774,3
5775,3
5776,2
5777,4
5778,5
5779,2
5780,4
5781,4
5782,4
5783,4
5784,4
5785,6
5786,3
5787,2
5788,1
5789,3
5790,4
5791,3
5792,2
5793,2
5794,4
5795,2
5796,6
5797,4
5798,2
5799,2
5800,2
5801,1
5802,4
5803,2
5804,3
5805,2
5806,4
5807,3
5808,4
5809,6
5810,6
5811,2
5812,4
5813,6
5814,2
5815,1
5816,1
5817,4
5818,6
5819,3
5820,6
5821,2
5822,2
5823,6
5824,6
5825,1
5826,2
5827,1
5828,4
5829,3
5830,4
5831,4
5832,4
5833,4
5834,4
5835,5
5836,2
5837,6
5838,3
5839,6
5840,6
5841,2
5842,5
5843,3
5844,3
5845,2
5846,3
5847,2
5848,3
5849,4
5850,4
5851,1
5852,6
5853,3
5854,6
5855,6
5856,3
5857,6
5858,4
5859,6
5860,2
5861,3
5862,3
5863,1
5864,3
5865,4
5866,3
5867,4
5868,3
5869,2
5870,6
5871,6
5872,4
5873,6
5874,4
5875,4
5876,2
5877,2
5878,4
5879,2
5880,4
5881,3
5882,5
5883,6
5884,4
5885,3
5886,2
5887,3
5888,3
5889,3
5890,2
5891,4
5892,2
5893,4
5894,2
5895,6
5896,6
5897,2
5898,4
5899,2
5900,4
5901,1
5902,5
5903,2
5904,4
5905,6
5906,1
5907,4
5908,3
5909,3
5910,6
5911,3
5912,2
5913,4
5914,6
5915,2
5916,4
5917,6
5918,6
5919,6
5920,4
5921,4
5922,1
5923,6
5924,4
5925,3
5926,2
5927,3
5928,3
5929,2
5930,1
5931,2
5932,6
5933,4
5934,4
5935,4
5936,3
5937,2
5938,3
5939,2
5940,5
5941,3
5942,4
5943,4
5944,1
5945,3
5946,4
5947,4
5948,1
5949,6
5950,4
5951,4
5952,4
5953,6
5954,4
5955,4
5956,4
5957,4
5958,1
5959,6
5960,4
5961,3
5962,5
5963,5
5964,3
5965,1
5966,2
5967,2
5968,2
5969,2
5970,3
5971,4
5972,4
5973,3
5974,1
5975,2
5976,6
5977,4
5978,4
5979,3
5980,3
5981,6
5982,1
5983,6
5984,5
5985,3
5986,3
5987,3
5988,1
5989,4
5990,4
5991,4
5992,5
5993,4
5994,6
5995,4
5996,4
5997,1
5998,4
5999,4
6000,2
6001,4
6002,4
6003,3
6004,2
6005,3
6006,4
6007,4
6008,2
6009,2
6010,6
6011,4
6012,4
6013,6
6014,2
6015,4
6016,2
6017,6
6018,4
6019,4
6020,3
6021,4
6022,4
6023,3
6024,6
6025,1
6026,4
6027,4
6028,3
6029,5
6030,1
6031,3
6032,4
6033,4
6034,4
6035,1
6036,4
6037,2
6038,3
6039,4
6040,4
6041,4
6042,4
6043,4
6044,2
6045,4
6046,4
6047,6
6048,6
6049,1
6050,4
6051,4
6052,3
6053,3
6054,4
6055,2
6056,1
6057,6
6058,4
6059,4
6060,6
6061,3
6062,6
6063,4
6064,4
6065,2
6066,5
6067,4
6068,2
6069,2
6070,3
6071,4
6072,6
6073,4
6074,4
6075,6
6076,2
6077,2
6078,1
6079,4
6080,1
6081,3
6082,2
6083,6
6084,5
6085,4
6086,5
6087,2
6088,4
6089,1
6090,4
6091,2
6092,3
6093,2
6094,4
6095,4
6096,4
6097,4
6098,6
6099,6
6100,6
6101,4
6102,6
6103,4
6104,3
6105,1
6106,4
6107,1
6108,5
6109,3
6110,3
6111,4
6112,3
6113,3
6114,3
6115,6
6116,4
6117,6
6118,6
6119,1
6120,6
6121,6
6122,3
6123,4
6124,2
6125,3
6126,2
6127,4
6128,4
6129,2
6130,1
6131,6
6132,6
6133,4
6134,4
6135,3
6136,3
6137,3
6138,6
6139,2
6140,4
6141,3
6142,3
6143,6
6144,2
6145,4
6146,4
6147,4
6148,4
6149,2
6150,4
6151,4
6152,4
6153,2
6154,4
6155,4
6156,3
6157,1
6158,3
6159,4
6160,4
6161,6
6162,4
6163,4
6164,6
6165,2
6166,3
6167,3
6168,2
6169,2
6170,2
6171,2
6172,3
6173,4
6174,3
6175,6
6176,6
6177,6
6178,2
6179,5
6180,4
6181,4
6182,4
6183,5
6184,3
6185,2
6186,2
6187,4
6188,2
6189,2
6190,4
6191,6
6192,1
6193,1
6194,1
6195,2
6196,4
6197,6
6198,5
6199,4
6200,3
6201,2
6202,2
6203,4
6204,4
6205,3
6206,3
6207,2
6208,4
6209,4
6210,6
6211,2
6212,3
6213,1
6214,3
6215,4
6216,3
6217,3
6218,4
6219,4
6220,3
6221,3
6222,3
6223,4
6224,2
6225,3
6226,4
6227,6
6228,6
6229,2
6230,3
6231,3
6232,3
6233,4
6234,3
6235,4
6236,4
6237,5
6238,4
6239,3
6240,1
6241,6
6242,4
6243,6
6244,6
6245,6
6246,3
6247,4
6248,4
6249,4
6250,5
6251,4
6252,4
6253,2
6254,3
6255,2
6256,2
6257,2
6258,4
6259,1
6260,5
6261,6
6262,3
6263,1
6264,4
6265,4
6266,2
6267,3
6268,3
6269,3
6270,2
6271,2
6272,4
6273,4
6274,2
6275,3
6276,3
6277,4
6278,6
6279,6
6280,4
6281,2
6282,4
6283,3
6284,2
6285,3
6286,2
6287,4
6288,1
6289,2
6290,1
6291,3
6292,4
6293,3
6294,3
6295,3
6296,2
6297,2
6298,5
6299,2
6300,4
6301,3
6302,4
6303,1
6304,2
6305,4
6306,1
6307,4
6308,1
6309,5
6310,2
6311,4
6312,1
6313,2
6314,4
6315,2
6316,6
6317,6
6318,6
6319,4
6320,2
6321,2
6322,4
6323,5
6324,4
6325,3
6326,4
6327,3
6328,2
6329,2
6330,4
6331,3
6332,2
6333,1
6334,5
6335,2
6336,4
6337,4
6338,2
6339,6
6340,6
6341,6
6342,4
6343,1
6344,3
6345,6
6346,1
6347,4
6348,2
6349,2
6350,4
6351,1
6352,3
6353,4
6354,3
6355,4
6356,1
6357,6
6358,3
6359,4
6360,5
6361,3
6362,4
6363,3
6364,2
6365,3
6366,4
6367,4
6368,4
6369,5
6370,2
6371,1
6372,6
6373,6
6374,2
6375,1
6376,5
6377,1
6378,2
6379,4
6380,4
6381,6
6382,3
6383,6
6384,1
6385,4
6386,4
6387,4
6388,6
6389,2
6390,3
6391,4
6392,4
6393,2
6394,2
6395,3
6396,1
6397,2
6398,2
6399,4
6400,4
6401,4
6402,2
6403,3
6404,4
6405,3
6406,4
6407,2
6408,4
6409,4
6410,4
6411,1
6412,3
6413,4
6414,3
6415,1
6416,3
6417,3
6418,2
6419,4
6420,3
6421,6
6422,6
6423,3
6424,4
6425,4
6426,4
6427,3
6428,3
6429,4
6430,2
6431,4
6432,1
6433,6
6434,3
6435,3
6436,2
6437,2
6438,2
6439,6
6440,6
6441,4
6442,3
6443,2
6444,5
6445,3
6446,5
6447,4
6448,4
6449,6
6450,1
6451,5
6452,4
6453,2
6454,3
6455,3
6456,2
6457,6
6458,5
6459,4
6460,5
6461,1
6462,4
6463,2
6464,4
6465,4
6466,2
6467,2
6468,3
6469,3
6470,4
6471,1
6472,1
6473,3
6474,2
6475,3
6476,3
6477,3
6478,2
6479,2
6480,3
6481,3
6482,2
6483,2
6484,6
6485,4
6486,4
6487,4
6488,3
6489,2
6490,3
6491,3
6492,1
6493,2
6494,6
6495,3
6496,3
6497,4
6498,3
6499,3
6500,4
6501,4
6502,6
6503,2
6504,4
6505,1
6506,1
6507,4
6508,3
6509,3
6510,6
6511,3
6512,1
6513,4
6514,6
6515,4
6516,4
6517,3
6518,4
6519,3
6520,3
6521,4
6522,3
6523,3
6524,4
6525,4
6526,1
6527,6
6528,5
6529,4
6530,6
6531,2
6532,4
6533,4
6534,4
6535,4
6536,2
6537,2
6538,2
6539,4
6540,2
6541,2
6542,4
6543,3
6544,2
6545,5
6546,1
6547,6
6548,4
6549,4
6550,2
6551,3
6552,3
6553,3
6554,5
6555,4
6556,4
6557,3
6558,3
6559,4
6560,6
6561,3
6562,6
6563,2
6564,2
6565,4
6566,2
6567,4
6568,2
6569,3
6570,4
6571,3
6572,2
6573,3
6574,3
6575,2
6576,3
6577,3
6578,5
6579,3
6580,5
6581,1
6582,4
6583,4
6584,4
6585,2
6586,4
6587,2
6588,4
6589,2
6590,4
6591,4
6592,4
6593,1
6594,2
6595,2
6596,2
6597,2
6598,4
6599,2
6600,4
6601,3
6602,3
6603,2
6604,3
6605,3
6606,6
6607,6
6608,6
6609,6
6610,5
6611,5
6612,4
6613,1
6614,2
6615,1
6616,6
6617,6
6618,6
6619,6
6620,6
6621,4
6622,1
6623,4
6624,4
6625,4
6626,4
6627,4
6628,2
6629,4
6630,3
6631,3
6632,5
6633,6
6634,4
6635,2
6636,3
6637,4
6638,3
6639,3
6640,3
6641,3
6642,4
6643,1
6644,2
6645,4
6646,4
6647,6
6648,6
6649,6
6650,5
6651,3
6652,4
6653,1
6654,1
6655,3
6656,2
6657,2
6658,5
6659,5
6660,3
6661,3
6662,4
6663,2
6664,2
6665,5
6666,2
6667,3
6668,4
6669,3
6670,3
6671,4
6672,2
6673,4
6674,2
6675,4
6676,4
6677,5
6678,4
6679,3
6680,3
6681,5
6682,1
6683,6
6684,4
6685,4
6686,3
6687,4
6688,3
6689,2
6690,2
6691,3
6692,4
6693,4
6694,6
6695,6
6696,4
6697,1
6698,6
6699,4
6700,3
6701,1
6702,1
6703,4
6704,2
6705,2
6706,3
6707,4
6708,2
6709,3
6710,3
6711,2
6712,2
6713,1
6714,6
6715,3
6716,4
6717,3
6718,3
6719,3
6720,3
6721,6
6722,4
6723,1
6724,3
6725,3
6726,1
6727,4
6728,4
6729,3
6730,4
6731,2
6732,3
6733,3
6734,1
6735,1
6736,4
6737,4
6738,4
6739,2
6740,6
6741,4
6742,3
6743,2
6744,2
6745,2
6746,3
6747,3
6748,3
6749,4
6750,5
6751,3
6752,1
6753,4
6754,4
6755,2
6756,5
6757,5
6758,4
6759,3
6760,3
6761,4
6762,2
6763,4
6764,3
6765,1
6766,4
6767,6
6768,4
6769,3
6770,1
6771,2
6772,3
6773,3
6774,6
6775,6
6776,3
6777,1
6778,4
6779,6
6780,4
6781,4
6782,1
6783,1
6784,2
6785,4
6786,2
6787,1
6788,4
6789,6
6790,6
6791,4
6792,6
6793,2
6794,2
6795,4
6796,3
6797,4
6798,5
6799,2
6800,2
6801,3
6802,3
6803,4
6804,3
6805,4
6806,1
6807,4
6808,5
6809,4
6810,1
6811,2
6812,1
6813,4
6814,4
6815,1
6816,2
6817,2
6818,3
6819,6
6820,4
6821,4
6822,4
6823,6
6824,4
6825,3
6826,4
6827,2
6828,2
6829,3
6830,4
6831,6
6832,1
6833,2
6834,3
6835,2
6836,1
6837,2
6838,3
6839,2
6840,4
6841,4
6842,1
6843,4
6844,4
6845,3
6846,3
6847,4
6848,6
6849,3
6850,4
6851,3
6852,4
6853,4
6854,4
6855,4
6856,3
6857,2
6858,4
6859,1
6860,3
6861,2
6862,2
6863,1
6864,3
6865,6
6866,3
6867,3
6868,3
6869,3
6870,3
6871,4
6872,2
6873,1
6874,3
6875,6
6876,3
6877,1
6878,3
6879,4
6880,3
6881,4
6882,2
6883,4
6884,6
6885,4
6886,3
6887,3
6888,4
6889,1
6890,4
6891,3
6892,4
6893,2
6894,4
6895,2
6896,3
6897,6
6898,1
6899,3
6900,6
6901,1
6902,4
6903,2
6904,2
6905,2
6906,4
6907,5
6908,4
6909,2
6910,4
6911,4
6912,3
6913,4
6914,4
6915,4
6916,4
6917,4
6918,2
6919,4
6920,4
6921,1
6922,1
6923,6
6924,4
6925,3
6926,2
6927,2
6928,3
6929,1
6930,6
6931,5
6932,4
6933,6
6934,5
6935,3
6936,3
6937,4
6938,2
6939,6
6940,6
6941,4
6942,6
6943,3
6944,2
6945,2
6946,4
6947,4
6948,6
6949,6
6950,2
6951,4
6952,6
6953,6
6954,6
6955,6
6956,4
6957,2
6958,3
6959,4
6960,2
6961,5
6962,6
6963,6
6964,6
6965,4
6966,3
6967,1
6968,4
6969,3
6970,4
6971,2
6972,3
6973,3
6974,3
6975,6
6976,6
6977,4
6978,1
6979,1
6980,4
6981,2
6982,3
6983,4
6984,5
6985,3
6986,4
6987,2
6988,5
6989,3
6990,4
6991,4
6992,6
6993,4
6994,4
6995,3
6996,2
6997,3
6998,2
6999,5
7000,3
7001,3
7002,2
7003,2
7004,3
7005,3
7006,3
7007,6
7008,4
7009,4
7010,4
7011,4
7012,4
7013,4
7014,4
7015,4
7016,6
7017,6
7018,4
7019,1
7020,3
7021,4
7022,6
7023,1
7024,3
7025,2
7026,2
7027,2
7028,1
7029,1
7030,2
7031,2
7032,2
7033,4
7034,4
7035,1
7036,6
7037,4
7038,3
7039,3
7040,4
7041,1
7042,1
7043,4
7044,4
7045,4
7046,3
7047,2
7048,3
7049,6
7050,4
7051,4
7052,1
7053,3
7054,3
7055,2
7056,2
7057,6
7058,2
7059,2
7060,5
7061,4
7062,2
7063,4
7064,6
7065,6
7066,4
7067,3
7068,6
7069,6
7070,4
7071,4
7072,6
7073,2
7074,1
7075,2
7076,4
7077,5
7078,4
7079,4
7080,3
7081,6
7082,2
7083,2
7084,3
7085,3
7086,4
7087,3
7088,2
7089,3
7090,2
7091,4
7092,4
7093,4
7094,6
7095,3
7096,3
7097,3
7098,4
7099,1
7100,2
7101,5
7102,1
7103,2
7104,4
7105,2
7106,3
7107,2
7108,3
7109,2
7110,3
7111,4
7112,3
7113,3
7114,4
7115,4
7116,2
7117,3
7118,4
7119,4
7120,4
7121,1
7122,2
7123,4
7124,3
7125,2
7126,2
7127,4
7128,1
7129,1
7130,5
7131,3
7132,2
7133,4
7134,4
7135,6
7136,6
7137,1
7138,3
7139,2
7140,6
7141,1
7142,5
7143,3
7144,3
7145,3
7146,3
7147,6
7148,6
7149,2
7150,4
7151,2
7152,2
7153,3
7154,4
7155,6
7156,4
7157,4
7158,4
7159,4
7160,4
7161,4
7162,1
7163,1
7164,1
7165,5
7166,3
7167,3
7168,2
7169,4
7170,3
7171,4
7172,4
7173,3
7174,1
7175,4
7176,1
7177,4
7178,5
7179,2
7180,4
7181,2
7182,6
7183,3
7184,4
7185,1
7186,1
7187,2
7188,4
7189,3
7190,2
7191,3
7192,3
7193,2
7194,3
7195,4
7196,3
7197,2
7198,3
7199,4
7200,6
7201,1
7202,4
7203,3
7204,4
7205,4
7206,4
7207,3
7208,3
7209,2
7210,2
7211,4
7212,3
7213,4
7214,2
7215,4
7216,4
7217,3
7218,2
7219,4
7220,3
7221,3
7222,4
7223,6
7224,3
7225,4
7226,6
7227,4
7228,1
7229,3
7230,3
7231,5
7232,4
7233,3
7234,2
7235,2
7236,4
7237,4
7238,6
7239,3
7240,2
7241,3
7242,5
7243,5
7244,6
7245,4
7246,4
7247,2
7248,2
7249,4
7250,6
7251,3
7252,2
7253,2
7254,2
7255,6
7256,4
7257,6
7258,4
7259,2
7260,2
7261,4
7262,4
7263,2
7264,4
7265,4
7266,4
7267,3
7268,4
7269,6
7270,3
7271,6
7272,4
7273,4
7274,2
7275,4
7276,4
7277,4
7278,3
7279,4
7280,4
7281,4
7282,4
7283,1
7284,4
7285,3
7286,3
7287,2
7288,6
7289,4
7290,4
7291,3
7292,2
7293,3
7294,4
7295,2
7296,4
7297,6
7298,3
7299,6
7300,4
7301,4
7302,1
7303,1
7304,4
7305,6
7306,4
7307,4
7308,4
7309,2
7310,2
7311,4
7312,4
7313,3
7314,1
7315,4
7316,3
7317,6
7318,2
7319,4
7320,1
7321,6
7322,2
7323,4
7324,3
7325,2
7326,1
7327,2
7328,2
7329,2
7330,6
7331,4
7332,5
7333,3
7334,6
7335,2
7336,2
7337,4
7338,3
7339,2
7340,4
7341,1
7342,4
7343,1
7344,4
7345,4
7346,1
7347,2
7348,3
7349,1
7350,2
7351,3
7352,4
7353,4
7354,2
7355,4
7356,2
7357,6
7358,4
7359,6
7360,6
7361,1
7362,4
7363,4
7364,6
7365,4
7366,3
7367,3
7368,4
7369,1
7370,2
7371,4
7372,4
7373,2
7374,4
7375,6
7376,4
7377,2
7378,4
7379,4
7380,1
7381,6
7382,4
7383,4
7384,3
7385,3
7386,4
7387,4
7388,1
7389,2
7390,4
7391,6
7392,2
7393,4
7394,2
7395,1
7396,3
7397,3
7398,4
7399,6
7400,4
7401,3
7402,2
7403,4
7404,3
7405,3
7406,2
7407,2
7408,4
7409,2
7410,4
7411,2
7412,2
7413,4
7414,3
7415,2
7416,4
7417,4
7418,4
7419,4
7420,3
7421,4
7422,2
7423,4
7424,1
7425,6
7426,4
7427,4
7428,5
7429,2
7430,1
7431,1
7432,6
7433,1
7434,4
7435,4
7436,2
7437,6
7438,2
7439,1
7440,3
7441,2
7442,2
7443,2
7444,3
7445,2
7446,2
7447,2
7448,2
7449,4
7450,4
7451,1
7452,3
7453,4
7454,2
7455,4
7456,4
7457,6
7458,6
7459,2
7460,4
7461,5
7462,6
7463,2
7464,3
7465,4
7466,4
7467,4
7468,4
7469,1
7470,4
7471,3
7472,6
7473,3
7474,4
7475,3
7476,4
7477,2
7478,3
7479,2
7480,3
7481,3
7482,4
7483,6
7484,4
7485,4
7486,4
7487,3
7488,2
7489,4
7490,5
7491,3
7492,4
7493,6
7494,6
7495,4
7496,1
7497,6
7498,4
7499,6
7500,3
7501,4
7502,2
7503,1
7504,2
7505,3
7506,4
7507,2
7508,4
7509,2
7510,3
7511,2
7512,2
7513,4
7514,1
7515,3
7516,4
7517,2
7518,3
7519,3
7520,2
7521,1
7522,6
7523,1
7524,3
7525,4
7526,3
7527,4
7528,4
7529,4
7530,2
7531,4
7532,3
7533,3
7534,4
7535,4
7536,4
7537,4
7538,1
7539,1
7540,4
7541,6
7542,3
7543,5
7544,3
7545,4
7546,4
7547,3
7548,2
7549,1
7550,3
7551,3
7552,6
7553,6
7554,4
7555,1
7556,6
7557,1
7558,5
7559,4
7560,4
7561,4
7562,4
7563,4
7564,2
7565,4
7566,1
7567,2
7568,2
7569,6
7570,4
7571,4
7572,3
7573,6
7574,4
7575,3
7576,4
7577,6
7578,4
7579,4
7580,4
7581,4
7582,2
7583,4
7584,4
7585,2
7586,2
7587,3
7588,1
7589,3
7590,3
7591,2
7592,5
7593,4
7594,3
7595,4
7596,6
7597,1
7598,4
7599,3
7600,1
7601,1
7602,3
7603,2
7604,4
7605,4
7606,2
7607,1
7608,4
7609,4
7610,2
7611,2
7612,3
7613,2
7614,1
7615,2
7616,1
7617,6
7618,4
7619,1
7620,6
7621,1
7622,3
7623,3
7624,2
7625,2
7626,3
7627,4
7628,5
7629,6
7630,1
7631,4
7632,6
7633,4
7634,4
7635,6
7636,4
7637,4
7638,4
7639,4
7640,1
7641,4
7642,2
7643,3
7644,4
7645,3
7646,2
7647,4
7648,4
7649,4
7650,4
7651,1
7652,6
7653,4
7654,2
7655,1
7656,2
7657,3
7658,3
7659,3
7660,1
7661,3
7662,4
7663,4
7664,1
7665,2
7666,3
7667,4
7668,3
7669,6
7670,4
7671,1
7672,2
7673,4
7674,6
7675,1
7676,2
7677,2
7678,3
7679,4
7680,1
7681,3
7682,4
7683,4
7684,1
7685,4
7686,2
7687,6
7688,3
7689,3
7690,4
7691,4
7692,4
7693,1
7694,2
7695,2
7696,6
7697,3
7698,4
7699,4
7700,6
7701,1
7702,4
7703,4
7704,4
7705,3
7706,4
7707,6
7708,2
7709,2
7710,2
7711,3
7712,3
7713,2
7714,4
7715,1
7716,4
7717,2
7718,2
7719,4
7720,4
7721,3
7722,1
7723,2
7724,3
7725,6
7726,4
7727,3
7728,2
7729,2
7730,2
7731,2
7732,4
7733,3
7734,3
7735,6
7736,3
7737,2
7738,5
7739,2
7740,3
7741,1
7742,2
7743,4
7744,6
7745,5
7746,4
7747,1
7748,4
7749,4
7750,2
7751,2
7752,4
7753,1
7754,1
7755,6
7756,1
7757,4
7758,5
7759,1
7760,6
7761,3
7762,4
7763,2
7764,4
7765,5
7766,4
7767,6
7768,4
7769,2
7770,6
7771,6
7772,4
7773,4
7774,2
7775,2
7776,3
7777,3
7778,4
7779,6
7780,6
7781,1
7782,4
7783,4
7784,4
7785,4
7786,3
7787,6
7788,3
7789,2
7790,3
7791,2
7792,6
7793,4
7794,4
7795,2
7796,2
7797,6
7798,6
7799,3
7800,2
7801,3
7802,2
7803,2
7804,4
7805,3
7806,4
7807,2
7808,3
7809,4
7810,6
7811,3
7812,2
7813,2
7814,2
7815,2
7816,4
7817,6
7818,6
7819,6
7820,6
7821,3
7822,4
7823,3
7824,2
7825,1
7826,3
7827,4
7828,4
7829,4
7830,4
7831,3
7832,3
7833,5
7834,6
7835,3
7836,4
7837,6
7838,4
7839,6
7840,2
7841,3
7842,4
7843,4
7844,6
7845,6
7846,3
7847,4
7848,2
7849,4
7850,4
7851,4
7852,4
7853,4
7854,4
7855,2
7856,6
7857,6
7858,6
7859,1
7860,4
7861,6
7862,2
7863,3
7864,6
7865,6
7866,6
7867,1
7868,6
7869,6
7870,4
7871,1
7872,1
7873,1
7874,4
7875,1
7876,4
7877,3
7878,1
7879,2
7880,4
7881,5
7882,4
7883,2
7884,2
7885,6
7886,6
7887,4
7888,6
7889,3
7890,4
7891,1
7892,2
7893,4
7894,2
7895,4
7896,2
7897,4
7898,3
7899,3
7900,4
7901,6
7902,6
7903,1
7904,6
7905,1
7906,3
7907,3
7908,4
7909,3
7910,2
7911,2
7912,1
7913,3
7914,5
7915,3
7916,6
7917,3
7918,4
7919,3
7920,2
7921,6
7922,3
7923,3
7924,4
7925,3
7926,3
7927,3
7928,2
7929,2
7930,4
7931,4
7932,3
7933,2
7934,2
7935,1
7936,2
7937,4
7938,3
7939,6
7940,4
7941,4
7942,3
7943,3
7944,1
7945,2
7946,3
7947,6
7948,2
7949,4
7950,1
7951,4
7952,2
7953,3
7954,4
7955,4
7956,2
7957,1
7958,4
7959,6
7960,4
7961,2
7962,3
7963,4
7964,6
7965,6
7966,5
7967,3
7968,3
7969,1
7970,1
7971,1
7972,6
7973,4
7974,6
7975,2
7976,1
7977,6
7978,6
7979,1
7980,6
7981,4
7982,5
7983,5
7984,3
7985,4
7986,6
7987,6
7988,4
7989,2
7990,5
7991,6
7992,1
7993,2
7994,4
7995,4
7996,3
7997,4
7998,1
7999,4
8000,3
8001,3
8002,4
8003,4
8004,4
8005,6
8006,2
8007,3
8008,6
8009,1
8010,4
8011,4
8012,4
8013,2
8014,4
8015,1
8016,3
8017,4
8018,2
8019,6
8020,3
8021,4
8022,3
8023,4
8024,3
8025,4
8026,2
8027,4
8028,4
8029,4
8030,4
8031,3
8032,3
8033,4
8034,3
8035,2
8036,1
8037,2
8038,3
8039,2
8040,2
8041,4
8042,4
8043,6
8044,5
8045,1
8046,2
8047,2
8048,4
8049,3
8050,4
8051,2
8052,3
8053,2
8054,3
8055,2
8056,3
8057,3
8058,3
8059,4
8060,4
8061,1
8062,1
8063,4
8064,1
8065,6
8066,3
8067,3
8068,2
8069,2
8070,4
8071,3
8072,6
8073,6
8074,6
8075,1
8076,6
8077,1
8078,4
8079,3
8080,3
8081,3
8082,4
8083,4
8084,6
8085,6
8086,3
8087,6
8088,6
8089,6
8090,3
8091,4
8092,2
8093,4
8094,2
8095,2
8096,3
8097,4
8098,4
8099,6
8100,4
8101,6
8102,4
8103,5
8104,2
8105,3
8106,4
8107,3
8108,4
8109,2
8110,2
8111,5
8112,4
8113,2
8114,6
8115,1
8116,3
8117,3
8118,4
8119,6
8120,4
8121,4
8122,2
8123,4
8124,5
8125,5
8126,4
8127,4
8128,4
8129,3
8130,4
8131,4
8132,3
8133,6
8134,6
8135,2
8136,2
8137,2
8138,4
8139,5
8140,1
8141,4
8142,4
8143,3
8144,6
8145,6
8146,4
8147,4
8148,4
8149,6
8150,3
8151,3
8152,4
8153,4
8154,3
8155,2
8156,4
8157,1
8158,4
8159,1
8160,4
8161,4
8162,2
8163,1
8164,4
8165,3
8166,4
8167,4
8168,6
8169,2
8170,4
8171,6
8172,4
8173,6
8174,6
8175,2
8176,1
8177,4
8178,6
8179,4
8180,4
8181,2
8182,4
8183,6
8184,4
8185,3
8186,5
8187,4
8188,3
8189,2
8190,3
8191,4
8192,4
8193,6
8194,5
8195,6
8196,1
8197,3
8198,2
8199,6
8200,2
8201,6
8202,4
8203,4
8204,3
8205,6
8206,5
8207,5
8208,4
8209,6
8210,3
8211,2
8212,3
8213,3
8214,2
8215,4
8216,1
8217,4
8218,4
8219,1
8220,3
8221,4
8222,3
8223,6
8224,4
8225,3
8226,1
8227,2
8228,2
8229,3
8230,5
8231,3
8232,3
8233,2
8234,2
8235,2
8236,4
8237,1
8238,4
8239,6
8240,2
8241,2
8242,2
8243,3
8244,2
8245,4
8246,2
8247,3
8248,1
8249,2
8250,4
8251,4
8252,3
8253,3
8254,2
8255,3
8256,4
8257,4
8258,4
8259,6
8260,3
8261,5
8262,3
8263,6
8264,2
8265,2
8266,6
8267,4
8268,3
8269,2
8270,3
8271,2
8272,4
8273,3
8274,4
8275,1
8276,1
8277,4
8278,6
8279,6
8280,4
8281,1
8282,1
8283,5
8284,6
8285,6
8286,2
8287,1
8288,4
8289,2
8290,3
8291,3
8292,3
8293,3
8294,3
8295,4
8296,2
8297,3
8298,3
8299,4
8300,4
8301,6
8302,4
8303,6
8304,3
8305,1
8306,3
8307,4
8308,3
8309,6
8310,3
8311,3
8312,4
8313,4
8314,4
8315,4
8316,2
8317,3
8318,3
8319,3
8320,2
8321,2
8322,2
8323,2
8324,6
8325,4
8326,1
8327,3
8328,4
8329,4
8330,2
8331,2
8332,3
8333,2
8334,2
8335,4
8336,5
8337,2
8338,3
8339,3
8340,4
8341,4
8342,4
8343,5
8344,6
8345,1
8346,4
8347,3
8348,3
8349,2
8350,4
8351,4
8352,4
8353,4
8354,4
8355,2
8356,3
8357,5
8358,4
8359,5
8360,3
8361,5
8362,4
8363,5
8364,1
8365,2
8366,2
8367,5
8368,2
8369,4
8370,3
8371,1
8372,6
8373,3
8374,6
8375,6
8376,4
8377,2
8378,2
8379,5
8380,4
8381,2
8382,3
8383,6
8384,6
8385,4
8386,4
8387,2
8388,4
8389,3
8390,2
8391,4
8392,4
8393,2
8394,4
8395,4
8396,4
8397,6
8398,6
8399,2
8400,3
8401,6
8402,3
8403,3
8404,5
8405,5
8406,2
8407,2
8408,2
8409,4
8410,4
8411,6
8412,4
8413,1
8414,4
8415,2
8416,3
8417,3
8418,2
8419,2
8420,3
8421,6
8422,5
8423,2
8424,6
8425,4
8426,4
8427,2
8428,3
8429,4
8430,3
8431,2
8432,3
8433,4
8434,3
8435,4
8436,6
8437,4
8438,6
8439,6
8440,4
8441,2
8442,2
8443,4
8444,4
8445,1
8446,6
8447,4
8448,2
8449,2
8450,6
8451,6
8452,6
8453,4
8454,5
8455,2
8456,3
8457,6
8458,4
8459,2
8460,4
8461,3
8462,4
8463,4
8464,4
8465,4
8466,4
8467,3
8468,4
8469,1
8470,6
8471,4
8472,3
8473,4
8474,4
8475,3
8476,6
8477,1
8478,4
8479,3
8480,2
8481,2
8482,2
8483,4
8484,1
8485,4
8486,2
8487,2
8488,4
8489,6
8490,2
8491,4
8492,2
8493,3
8494,1
8495,1
8496,2
8497,4
8498,3
8499,2
8500,2
8501,2
8502,4
8503,4
8504,1
8505,4
8506,3
8507,4
8508,6
8509,5
8510,6
8511,3
8512,5
8513,4
8514,3
8515,2
8516,2
8517,6
8518,1
8519,4
8520,4
8521,4
8522,5
8523,3
8524,3
8525,3
8526,2
8527,6
8528,4
8529,6
8530,6
8531,1
8532,2
8533,5
8534,2
8535,1
8536,4
8537,2
8538,2
8539,2
8540,4
8541,3
8542,6
8543,2
8544,2
8545,2
8546,1
8547,2
8548,2
8549,5
8550,2
8551,3
8552,6
8553,4
8554,2
8555,2
8556,4
8557,4
8558,2
8559,6
8560,3
8561,4
8562,4
8563,2
8564,3
8565,3
8566,4
8567,3
8568,1
8569,4
8570,1
8571,2
8572,4
8573,4
8574,3
8575,2
8576,2
8577,4
8578,3
8579,3
8580,6
8581,6
8582,2
8583,2
8584,3
8585,3
8586,3
8587,4
8588,3
8589,5
8590,4
8591,1
8592,4
8593,5
8594,2
8595,5
8596,3
8597,3
8598,2
8599,2
8600,5
8601,1
8602,4
8603,3
8604,2
8605,4
8606,6
8607,3
8608,2
8609,6
8610,4
8611,6
8612,2
8613,3
8614,2
8615,2
8616,2
8617,6
8618,5
8619,2
8620,4
8621,3
8622,3
8623,3
8624,4
8625,2
8626,5
8627,4
8628,1
8629,4
8630,3
8631,3
8632,5
8633,1
8634,4
8635,5
8636,3
8637,3
8638,4
8639,3
8640,6
8641,6
8642,1
8643,3
8644,4
8645,4
8646,3
8647,2
8648,6
8649,2
8650,4
8651,4
8652,1
8653,2
8654,4
8655,6
8656,6
8657,4
8658,4
8659,4
8660,4
8661,4
8662,4
8663,2
8664,4
8665,2
8666,2
8667,2
8668,5
8669,1
8670,4
8671,4
8672,4
8673,3
8674,5
8675,5
8676,2
8677,2
8678,5
8679,3
8680,1
8681,4
8682,2
8683,3
8684,2
8685,2
8686,3
8687,4
8688,3
8689,3
8690,6
8691,1
8692,4
8693,5
8694,5
8695,2
8696,4
8697,1
8698,2
8699,4
8700,4
8701,4
8702,6
8703,3
8704,3
8705,4
8706,2
8707,4
8708,3
8709,4
8710,4
8711,1
8712,4
8713,3
8714,3
8715,3
8716,3
8717,4
8718,3
8719,3
8720,3
8721,4
8722,2
8723,2
8724,4
8725,6
8726,3
8727,2
8728,1
8729,6
8730,3
8731,1
8732,2
8733,5
8734,6
8735,6
8736,2
8737,4
8738,4
8739,1
8740,4
8741,4
8742,2
8743,3
8744,1
8745,1
8746,6
8747,1
8748,6
8749,4
8750,6
8751,4
8752,3
8753,3
8754,2
8755,4
8756,4
8757,2
8758,3
8759,4
8760,1
8761,4
8762,3
8763,2
8764,2
8765,6
8766,4
8767,6
8768,6
8769,2
8770,6
8771,3
8772,5
8773,2
8774,3
8775,6
8776,3
8777,1
8778,2
8779,2
8780,2
8781,2
8782,2
8783,2
8784,4
8785,4
8786,2
8787,4
8788,1
8789,3
8790,2
8791,4
8792,1
8793,1
8794,5
8795,2
8796,4
8797,1
8798,6
8799,6
8800,3
8801,5
8802,3
8803,2
8804,4
8805,4
8806,3
8807,2
8808,4
8809,4
8810,3
8811,1
8812,3
8813,3
8814,3
8815,2
8816,4
8817,4
8818,3
8819,3
8820,3
8821,4
8822,2
8823,2
8824,4
8825,3
8826,2
8827,2
8828,1
8829,1
8830,1
8831,4
8832,4
8833,4
8834,2
8835,4
8836,4
8837,6
8838,6
8839,1
8840,2
8841,3
8842,4
8843,3
8844,4
8845,1
8846,6
8847,6
8848,4
8849,4
8850,4
8851,2
8852,2
8853,2
8854,4
8855,4
8856,2
8857,1
8858,4
8859,6
8860,3
8861,4
8862,3
8863,3
8864,6
8865,3
8866,4
8867,3
8868,3
8869,2
8870,2
8871,3
8872,3
8873,2
8874,3
8875,3
8876,4
8877,3
8878,4
8879,4
8880,4
8881,2
8882,1
8883,1
8884,4
8885,4
8886,5
8887,2
8888,3
8889,3
8890,4
8891,3
8892,3
8893,2
8894,2
8895,4
8896,1
8897,5
8898,2
8899,2
8900,5
8901,1
8902,4
8903,4
8904,4
8905,3
8906,4
8907,4
8908,4
8909,4
8910,4
8911,2
8912,5
8913,4
8914,2
8915,3
8916,5
8917,5
8918,3
8919,4
8920,5
8921,4
8922,3
8923,4
8924,4
8925,4
8926,4
8927,2
8928,2
8929,4
8930,2
8931,4
8932,4
8933,3
8934,2
8935,3
8936,4
8937,4
8938,3
8939,2
8940,4
8941,6
8942,4
8943,2
8944,4
8945,4
8946,6
8947,2
8948,3
8949,6
8950,4
8951,4
8952,6
8953,5
8954,5
8955,3
8956,2
8957,1
8958,6
8959,4
8960,1
8961,6
8962,4
8963,6
8964,4
8965,6
8966,3
8967,3
8968,2
8969,3
8970,5
8971,1
8972,1
8973,4
8974,6
8975,6
8976,6
8977,2
8978,3
8979,3
8980,2
8981,3
8982,4
8983,1
8984,4
8985,6
8986,3
8987,3
8988,3
8989,2
8990,4
8991,3
8992,4
8993,6
8994,4
8995,5
8996,4
8997,4
8998,4
8999,3
9000,3
9001,3
9002,5
9003,4
9004,4
9005,1
9006,3
9007,4
9008,3
9009,3
9010,4
9011,6
9012,4
9013,6
9014,6
9015,4
9016,6
9017,3
9018,3
9019,2
9020,5
9021,2
9022,3
9023,3
9024,3
9025,3
9026,4
9027,2
9028,4
9029,6
9030,2
9031,3
9032,6
9033,4
9034,2
9035,4
9036,4
9037,2
9038,4
9039,2
9040,1
9041,2
9042,2
9043,2
9044,1
9045,4
9046,2
9047,4
9048,6
9049,6
9050,5
9051,1
9052,5
9053,1
9054,5
9055,2
9056,2
9057,4
9058,5
9059,4
9060,3
9061,4
9062,2
9063,3
9064,2
9065,5
9066,4
9067,4
9068,3
9069,3
9070,1
9071,1
9072,2
9073,4
9074,2
9075,2
9076,6
9077,6
9078,3
9079,4
9080,6
9081,4
9082,6
9083,5
9084,5
9085,6
9086,4
9087,3
9088,3
9089,4
9090,4
9091,1
9092,4
9093,4
9094,3
9095,4
9096,4
9097,3
9098,3
9099,3
9100,4
9101,4
9102,3
9103,6
9104,1
9105,2
9106,2
9107,3
9108,4
9109,3
9110,2
9111,4
9112,2
9113,3
9114,3
9115,4
9116,4
9117,4
9118,3
9119,3
9120,4
9121,2
9122,6
9123,2
9124,6
9125,2
9126,6
9127,4
9128,2
9129,3
9130,4
9131,2
9132,3
9133,3
9134,3
9135,3
9136,5
9137,6
9138,6
9139,3
9140,6
9141,4
9142,6
9143,6
9144,4
9145,4
9146,2
9147,4
9148,6
9149,4
9150,2
9151,3
9152,4
9153,3
9154,1
9155,2
9156,4
9157,2
9158,1
9159,2
9160,1
9161,2
9162,2
9163,2
9164,4
9165,2
9166,3
9167,3
9168,3
9169,2
9170,2
9171,6
9172,4
9173,3
9174,1
9175,4
9176,1
9177,6
9178,4
9179,3
9180,3
9181,1
9182,5
9183,4
9184,6
9185,3
9186,2
9187,4
9188,3
9189,6
9190,4
9191,2
9192,4
9193,2
9194,4
9195,3
9196,2
9197,2
9198,3
9199,4
9200,4
9201,1
9202,4
9203,4
9204,3
9205,3
9206,4
9207,2
9208,4
9209,4
9210,4
9211,3
9212,4
9213,2
9214,2
9215,2
9216,3
9217,3
9218,6
9219,5
9220,6
9221,6
9222,1
9223,1
9224,6
9225,3
9226,4
9227,4
9228,2
9229,2
9230,3
9231,2
9232,3
9233,6
9234,3
9235,4
9236,4
9237,5
9238,4
9239,4
9240,4
9241,2
9242,3
9243,3
9244,4
9245,4
9246,3
9247,6
9248,6
9249,1
9250,2
9251,4
9252,3
9253,2
9254,4
9255,2
9256,6
9257,4
9258,4
9259,4
9260,3
9261,2
9262,4
9263,2
9264,4
9265,4
9266,3
9267,1
9268,5
9269,4
9270,4
9271,3
9272,5
9273,4
9274,4
9275,2
9276,4
9277,3
9278,3
9279,6
9280,2
9281,3
9282,4
9283,2
9284,4
9285,3
9286,4
9287,6
9288,5
9289,6
9290,5
9291,3
9292,3
9293,2
9294,4
9295,2
9296,2
9297,4
9298,6
9299,4
9300,4
9301,4
9302,4
9303,6
9304,1
9305,3
9306,2
9307,6
9308,6
9309,4
9310,2
9311,1
9312,2
9313,2
9314,4
9315,3
9316,2
9317,1
9318,5
9319,1
9320,3
9321,3
9322,5
9323,2
9324,4
9325,4
9326,3
9327,2
9328,4
9329,4
9330,1
9331,4
9332,2
9333,3
9334,6
9335,4
9336,4
9337,3
9338,3
9339,3
9340,4
9341,3
9342,2
9343,2
9344,2
9345,4
9346,1
9347,4
9348,6
9349,2
9350,3
9351,4
9352,2
9353,3
9354,3
9355,6
9356,3
9357,6
9358,1
9359,3
9360,2
9361,5
9362,4
9363,4
9364,3
9365,3
9366,4
9367,4
9368,4
9369,6
9370,1
9371,6
9372,1
9373,1
9374,2
9375,2
9376,4
9377,4
9378,4
9379,2
9380,3
9381,4
9382,4
9383,1
9384,6
9385,3
9386,3
9387,4
9388,1
9389,3
9390,4
9391,2
9392,2
9393,3
9394,3
9395,4
9396,2
9397,4
9398,1
9399,1
9400,1
9401,6
9402,2
9403,3
9404,6
9405,5
9406,2
9407,1
9408,4
9409,2
9410,3
9411,3
9412,4
9413,4
9414,2
9415,3
9416,4
9417,3
9418,3
9419,2
9420,4
9421,6
9422,4
9423,6
9424,4
9425,4
9426,3
9427,3
9428,4
9429,1
9430,6
9431,1
9432,6
9433,4
9434,3
9435,4
9436,6
9437,4
9438,3
9439,6
9440,1
9441,4
9442,2
9443,4
9444,2
9445,3
9446,2
9447,4
9448,4
9449,2
9450,3
9451,4
9452,1
9453,1
9454,4
9455,4
9456,3
9457,3
9458,4
9459,4
9460,6
9461,3
9462,4
9463,3
9464,2
9465,3
9466,4
9467,3
9468,4
9469,2
9470,3
9471,4
9472,6
9473,3
9474,4
9475,4
9476,4
9477,4
9478,4
9479,4
9480,1
9481,4
9482,4
9483,3
9484,6
9485,4
9486,3
9487,4
9488,1
9489,3
9490,2
9491,4
9492,3
9493,1
9494,4
9495,2
9496,6
9497,1
9498,5
9499,4
9500,3
9501,2
9502,3
9503,1
9504,4
9505,4
9506,5
9507,2
9508,3
9509,1
9510,4
9511,3
9512,1
9513,6
9514,2
9515,2
9516,4
9517,4
9518,1
9519,6
9520,1
9521,4
9522,1
9523,1
9524,2
9525,4
9526,2
9527,3
9528,3
9529,3
9530,2
9531,4
9532,4
9533,1
9534,1
9535,3
9536,2
9537,6
9538,4
9539,4
9540,4
9541,2
9542,6
9543,3
9544,6
9545,6
9546,4
9547,2
9548,6
9549,3
9550,1
9551,4
9552,5
9553,4
9554,2
9555,4
9556,5
9557,4
9558,4
9559,2
9560,6
9561,4
9562,4
9563,4
9564,4
9565,2
9566,5
9567,4
9568,4
9569,3
9570,6
9571,4
9572,4
9573,4
9574,3
9575,2
9576,4
9577,3
9578,4
9579,1
9580,6
9581,4
9582,1
9583,1
9584,6
9585,6
9586,5
9587,5
9588,3
9589,2
9590,3
9591,2
9592,2
9593,1
9594,2
9595,4
9596,4
9597,6
9598,5
9599,5
9600,3
9601,2
9602,2
9603,5
9604,4
9605,2
9606,2
9607,5
9608,2
9609,2
9610,1
9611,4
9612,3
9613,2
9614,1
9615,1
9616,5
9617,3
9618,4
9619,2
9620,5
9621,4
9622,4
9623,3
9624,5
9625,4
9626,1
9627,2
9628,1
9629,6
9630,3
9631,4
9632,4
9633,3
9634,4
9635,1
9636,4
9637,3
9638,2
9639,2
9640,2
9641,4
9642,3
9643,4
9644,2
9645,6
9646,1
9647,1
9648,2
9649,3
9650,5
9651,5
9652,6
9653,4
9654,4
9655,4
9656,4
9657,6
9658,1
9659,6
9660,2
9661,4
9662,2
9663,2
9664,4
9665,3
9666,3
9667,6
9668,4
9669,4
9670,4
9671,2
9672,3
9673,4
9674,6
9675,6
9676,6
9677,6
9678,6
9679,4
9680,3
9681,4
9682,2
9683,4
9684,6
9685,4
9686,3
9687,4
9688,1
9689,2
9690,4
9691,3
9692,4
9693,4
9694,3
9695,4
9696,3
9697,4
9698,3
9699,2
9700,4
9701,6
9702,3
9703,3
9704,4
9705,3
9706,4
9707,4
9708,3
9709,4
9710,1
9711,2
9712,3
9713,3
9714,3
9715,3
9716,4
9717,2
9718,1
9719,6
9720,6
9721,1
9722,3
9723,1
9724,3
9725,3
9726,4
9727,4
9728,1
9729,6
9730,4
9731,1
9732,6
9733,4
9734,3
9735,3
9736,5
9737,4
9738,3
9739,6
9740,4
9741,4
9742,1
9743,4
9744,4
9745,6
9746,5
9747,2
9748,3
9749,4
9750,6
9751,1
9752,6
9753,5
9754,6
9755,4
9756,2
9757,4
9758,4
9759,1
9760,4
9761,2
9762,3
9763,2
9764,4
9765,3
9766,4
9767,6
9768,3
9769,5
9770,3
9771,2
9772,3
9773,4
9774,6
9775,4
9776,5
9777,4
9778,3
9779,3
9780,1
9781,3
9782,2
9783,4
9784,4
9785,4
9786,1
9787,1
9788,6
9789,6
9790,2
9791,3
9792,5
9793,3
9794,2
9795,2
9796,2
9797,4
9798,4
9799,4
9800,6
9801,6
9802,3
9803,1
9804,4
9805,2
9806,2
9807,2
9808,3
9809,5
9810,5
9811,2
9812,2
9813,4
9814,1
9815,4
9816,3
9817,1
9818,1
9819,4
9820,2
9821,3
9822,4
9823,3
9824,6
9825,4
9826,6
9827,3
9828,3
9829,2
9830,1
9831,4
9832,1
9833,3
9834,3
9835,1
9836,3
9837,2
9838,3
9839,3
9840,4
9841,5
9842,6
9843,4
9844,3
9845,4
9846,2
9847,2
9848,3
9849,2
9850,4
9851,4
9852,2
9853,2
9854,6
9855,2
9856,2
9857,3
9858,4
9859,2
9860,2
9861,5
9862,2
9863,5
9864,2
9865,2
9866,3
9867,2
9868,2
9869,3
9870,4
9871,6
9872,4
9873,2
9874,6
9875,4
9876,2
9877,6
9878,3
9879,6
9880,4
9881,2
9882,2
9883,2
9884,3
9885,6
9886,2
9887,3
9888,2
9889,1
9890,1
9891,4
9892,4
9893,3
9894,4
9895,2
9896,2
9897,3
9898,3
9899,6
9900,6
9901,1
9902,5
9903,4
9904,6
9905,1
9906,4
9907,3
9908,4
9909,4
9910,2
9911,4
9912,3
9913,5
9914,4
9915,2
9916,2
9917,3
9918,1
9919,6
9920,6
9921,6
9922,5
9923,2
9924,4
9925,2
9926,2
9927,4
9928,4
9929,3
9930,5
9931,5
9932,4
9933,3
9934,4
9935,3
9936,3
9937,2
9938,2
9939,4
9940,2
9941,5
9942,4
9943,4
9944,6
9945,6
9946,5
9947,4
9948,1
9949,6
9950,4
9951,2
9952,2
9953,4
9954,2
9955,2
9956,1
9957,4
9958,5
9959,2
9960,4
9961,3
9962,2
9963,6
9964,6
9965,6
9966,4
9967,6
9968,2
9969,4
9970,6
9971,4
9972,2
9973,3
9974,1
9975,4
9976,2
9977,3
9978,4
9979,4
9980,1
9981,3
9982,4
9983,4
9984,5
9985,4
9986,3
9987,4
9988,1
9989,2
9990,2
9991,1
9992,4
9993,3
9994,4
9995,3
9996,2
9997,3
9998,3
9999,5
10000,2
10001,2
10002,2
10003,4
10004,4
10005,2
10006,2
10007,5
10008,4
10009,4
10010,2
10011,4
10012,4
10013,5
10014,2
10015,2
10016,2
10017,4
10018,4
10019,3
10020,3
10021,4
10022,4
10023,4
10024,4
10025,4
10026,4
10027,4
10028,3
10029,4
10030,6
10031,6
10032,6
10033,4
10034,2
10035,4
10036,3
10037,3
10038,6
10039,3
10040,3
10041,6
10042,6
10043,6
10044,3
10045,3
10046,4
10047,2
10048,4
10049,3
10050,3
10051,3
10052,4
10053,4
10054,6
10055,3
10056,4
10057,3
10058,2
10059,2
10060,3
10061,4
10062,2
10063,6
10064,3
10065,1
10066,3
10067,6
10068,3
10069,2
10070,3
10071,4
10072,1
10073,2
10074,4
10075,3
10076,4
10077,3
10078,5
10079,3
10080,1
10081,3
10082,4
10083,1
10084,1
10085,4
10086,4
10087,4
10088,3
10089,4
10090,2
10091,2
10092,1
10093,6
10094,4
10095,2
10096,4
10097,4
10098,2
10099,2
10100,6
10101,6
10102,6
10103,3
10104,4
10105,4
10106,4
10107,3
10108,2
10109,1
10110,4
10111,2
10112,3
10113,1
10114,2
10115,3
10116,3
10117,4
10118,4
10119,4
10120,3
10121,6
10122,3
10123,3
10124,6
10125,1
10126,4
10127,6
10128,2
10129,3
10130,2
10131,3
10132,6
10133,4
10134,4
10135,6
10136,4
10137,4
10138,1
10139,6
10140,4
10141,2
10142,4
10143,2
10144,3
10145,4
10146,4
10147,6
10148,4
10149,3
10150,4
10151,4
10152,5
10153,1
10154,3
10155,3
10156,4
10157,3
10158,3
10159,3
10160,3
10161,4
10162,4
10163,4
10164,5
10165,4
10166,4
10167,3
10168,3
10169,3
10170,4
10171,3
10172,4
10173,4
10174,6
10175,4
10176,1
10177,6
10178,5
10179,3
10180,1
10181,2
10182,2
10183,4
10184,4
10185,3
10186,2
10187,2
10188,2
10189,1
10190,5
10191,1
10192,4
10193,5
10194,4
10195,4
10196,4
10197,4
10198,4
10199,6
10200,2
10201,2
10202,2
10203,3
10204,5
10205,2
10206,4
10207,1
10208,5
10209,4
10210,5
10211,2
10212,3
10213,4
10214,3
10215,1
10216,6
10217,3
10218,4
10219,2
10220,2
10221,4
10222,4
10223,3
10224,3
10225,1
10226,5
10227,1
10228,4
10229,4
10230,4
10231,4
10232,3
10233,2
10234,1
10235,4
10236,1
10237,4
10238,4
10239,6
10240,6
10241,5
10242,4
10243,4
10244,5
10245,2
10246,2
10247,4
10248,5
10249,1
10250,2
10251,3
10252,6
10253,2
10254,3
10255,3
10256,4
10257,1
10258,3
10259,3
10260,2
10261,4
10262,3
10263,4
10264,3
10265,4
10266,2
10267,4
10268,2
10269,5
10270,2
10271,2
10272,3
10273,3
10274,5
10275,3
10276,6
10277,5
10278,2
10279,3
10280,5
10281,3
10282,5
10283,5
10284,6
10285,3
10286,6
10287,4
10288,3
10289,4
10290,4
10291,4
10292,2
10293,2
10294,1
10295,4
10296,4
10297,2
10298,3
10299,3
10300,4
10301,1
10302,1
10303,3
10304,2
10305,2
10306,2
10307,4
10308,6
10309,4
10310,3
10311,6
10312,3
10313,4
10314,6
10315,4
10316,1
10317,3
10318,4
10319,6
10320,1
10321,1
10322,2
10323,4
10324,4
10325,1
10326,4
10327,4
10328,4
10329,4
10330,4
10331,4
10332,6
10333,6
10334,3
10335,2
10336,4
10337,6
10338,1
10339,6
10340,4
10341,2
10342,4
10343,4
10344,6
10345,5
10346,5
10347,2
10348,2
10349,2
10350,2
10351,3
10352,1
10353,2
10354,6
10355,3
10356,3
10357,5
10358,6
10359,4
10360,1
10361,3
10362,1
10363,6
10364,4
10365,4
10366,1
10367,3
10368,4
10369,3
10370,4
10371,1
10372,3
10373,6
10374,4
10375,4
10376,2
10377,4
10378,6
10379,3
10380,2
10381,2
10382,6
10383,2
10384,1
10385,6
10386,3
10387,2
10388,6
10389,2
10390,2
10391,3
10392,1
10393,6
10394,4
10395,4
10396,6
10397,1
10398,1
10399,6
10400,4
10401,4
10402,4
10403,1
10404,3
10405,4
10406,2
10407,4
10408,3
10409,4
10410,4
10411,3
10412,3
10413,2
10414,3
10415,3
10416,1
10417,3
10418,6
10419,3
10420,2
10421,2
10422,2
10423,3
10424,4
10425,4
10426,1
10427,4
10428,2
10429,3
10430,4
10431,3
10432,5
10433,5
10434,4
10435,3
10436,4
10437,4
10438,6
10439,2
10440,4
10441,4
10442,2
10443,3
10444,4
10445,4
10446,6
10447,1
10448,3
10449,2
10450,3
10451,4
10452,4
10453,3
10454,3
10455,2
10456,3
10457,4
10458,2
10459,5
10460,2
10461,4
10462,4
10463,4
10464,4
10465,4
10466,4
10467,4
10468,4
10469,4
10470,2
10471,6
10472,4
10473,1
10474,4
10475,4
10476,3
10477,2
10478,5
10479,6
10480,6
10481,4
10482,4
10483,2
10484,3
10485,3
10486,3
10487,3
10488,6
10489,6
10490,4
